[    0.000000] Linux version 6.8.0-84-generic (buildd@lcy02-amd64-011) (x86_64-linux-gnu-gcc-13 (Ubuntu 13.3.0-6ubuntu2~24.04) 13.3.0, GNU ld (GNU Binutils for Ubuntu) 2.42) #84-Ubuntu SMP PREEMPT_DYNAMIC Fri Sep  5 22:36:38 UTC 2025 (Ubuntu 6.8.0-84.84-generic 6.8.12)
[    0.000000] Command line: BOOT_IMAGE=/boot/vmlinuz-6.8.0-84-generic root=UUID=3d2260e9-0869-4b87-aec0-368df5c81c84 ro quiet splash
[    0.000000] KERNEL supported cpus:
[    0.000000]   Intel GenuineIntel
[    0.000000]   AMD AuthenticAMD
[    0.000000]   Hygon HygonGenuine
[    0.000000]   Centaur CentaurHauls
[    0.000000]   zhaoxin   Shanghai  
[    0.000000] BIOS-provided physical RAM map:
[    0.000000] BIOS-e820: [mem 0x0000000000000000-0x000000000009dfff] usable
[    0.000000] BIOS-e820: [mem 0x000000000009e000-0x000000000009efff] reserved
[    0.000000] BIOS-e820: [mem 0x000000000009f000-0x000000000009ffff] usable
[    0.000000] BIOS-e820: [mem 0x00000000000a0000-0x00000000000fffff] reserved
[    0.000000] BIOS-e820: [mem 0x0000000000100000-0x000000003fffffff] usable
[    0.000000] BIOS-e820: [mem 0x0000000040000000-0x00000000403fffff] reserved
[    0.000000] BIOS-e820: [mem 0x0000000040400000-0x000000007016dfff] usable
[    0.000000] BIOS-e820: [mem 0x000000007016e000-0x000000007016efff] ACPI NVS
[    0.000000] BIOS-e820: [mem 0x000000007016f000-0x000000007016ffff] reserved
[    0.000000] BIOS-e820: [mem 0x0000000070170000-0x0000000077f2cfff] usable
[    0.000000] BIOS-e820: [mem 0x0000000077f2d000-0x0000000078945fff] reserved
[    0.000000] BIOS-e820: [mem 0x0000000078946000-0x00000000789c2fff] ACPI data
[    0.000000] BIOS-e820: [mem 0x00000000789c3000-0x0000000078e61fff] ACPI NVS
[    0.000000] BIOS-e820: [mem 0x0000000078e62000-0x000000007acfefff] reserved
[    0.000000] BIOS-e820: [mem 0x000000007acff000-0x000000007acfffff] usable
[    0.000000] BIOS-e820: [mem 0x000000007ad00000-0x000000007f7fffff] reserved
[    0.000000] BIOS-e820: [mem 0x00000000f0000000-0x00000000f7ffffff] reserved
[    0.000000] BIOS-e820: [mem 0x00000000fe000000-0x00000000fe010fff] reserved
[    0.000000] BIOS-e820: [mem 0x00000000fec00000-0x00000000fec00fff] reserved
[    0.000000] BIOS-e820: [mem 0x00000000fee00000-0x00000000fee00fff] reserved
[    0.000000] BIOS-e820: [mem 0x00000000ff000000-0x00000000ffffffff] reserved
[    0.000000] BIOS-e820: [mem 0x0000000100000000-0x000000047c7fffff] usable
[    0.000000] NX (Execute Disable) protection: active
[    0.000000] APIC: Static calls initialized
[    0.000000] e820: update [mem 0x65fb0018-0x65fc0457] usable ==> usable
[    0.000000] e820: update [mem 0x65fb0018-0x65fc0457] usable ==> usable
[    0.000000] extended physical RAM map:
[    0.000000] reserve setup_data: [mem 0x0000000000000000-0x000000000009dfff] usable
[    0.000000] reserve setup_data: [mem 0x000000000009e000-0x000000000009efff] reserved
[    0.000000] reserve setup_data: [mem 0x000000000009f000-0x000000000009ffff] usable
[    0.000000] reserve setup_data: [mem 0x00000000000a0000-0x00000000000fffff] reserved
[    0.000000] reserve setup_data: [mem 0x0000000000100000-0x000000003fffffff] usable
[    0.000000] reserve setup_data: [mem 0x0000000040000000-0x00000000403fffff] reserved
[    0.000000] reserve setup_data: [mem 0x0000000040400000-0x0000000065fb0017] usable
[    0.000000] reserve setup_data: [mem 0x0000000065fb0018-0x0000000065fc0457] usable
[    0.000000] reserve setup_data: [mem 0x0000000065fc0458-0x000000007016dfff] usable
[    0.000000] reserve setup_data: [mem 0x000000007016e000-0x000000007016efff] ACPI NVS
[    0.000000] reserve setup_data: [mem 0x000000007016f000-0x000000007016ffff] reserved
[    0.000000] reserve setup_data: [mem 0x0000000070170000-0x0000000077f2cfff] usable
[    0.000000] reserve setup_data: [mem 0x0000000077f2d000-0x0000000078945fff] reserved
[    0.000000] reserve setup_data: [mem 0x0000000078946000-0x00000000789c2fff] ACPI data
[    0.000000] reserve setup_data: [mem 0x00000000789c3000-0x0000000078e61fff] ACPI NVS
[    0.000000] reserve setup_data: [mem 0x0000000078e62000-0x000000007acfefff] reserved
[    0.000000] reserve setup_data: [mem 0x000000007acff000-0x000000007acfffff] usable
[    0.000000] reserve setup_data: [mem 0x000000007ad00000-0x000000007f7fffff] reserved
[    0.000000] reserve setup_data: [mem 0x00000000f0000000-0x00000000f7ffffff] reserved
[    0.000000] reserve setup_data: [mem 0x00000000fe000000-0x00000000fe010fff] reserved
[    0.000000] reserve setup_data: [mem 0x00000000fec00000-0x00000000fec00fff] reserved
[    0.000000] reserve setup_data: [mem 0x00000000fee00000-0x00000000fee00fff] reserved
[    0.000000] reserve setup_data: [mem 0x00000000ff000000-0x00000000ffffffff] reserved
[    0.000000] reserve setup_data: [mem 0x0000000100000000-0x000000047c7fffff] usable
[    0.000000] efi: EFI v2.7 by American Megatrends
[    0.000000] efi: ACPI 2.0=0x7895f000 ACPI=0x7895f000 SMBIOS=0xf0000 SMBIOS 3.0=0xf0020 TPMFinalLog=0x78dc0000 ESRT=0x7a6e7798 MEMATTR=0x75847018 MOKvar=0x7a774000 INITRD=0x7027d298 RNG=0x7895e018 TPMEventLog=0x78951018 
[    0.000000] random: crng init done
[    0.000000] efi: Remove mem54: MMIO range=[0xf0000000-0xf7ffffff] (128MB) from e820 map
[    0.000000] e820: remove [mem 0xf0000000-0xf7ffffff] reserved
[    0.000000] efi: Not removing mem55: MMIO range=[0xfe000000-0xfe010fff] (68KB) from e820 map
[    0.000000] efi: Not removing mem56: MMIO range=[0xfec00000-0xfec00fff] (4KB) from e820 map
[    0.000000] efi: Not removing mem57: MMIO range=[0xfee00000-0xfee00fff] (4KB) from e820 map
[    0.000000] efi: Remove mem58: MMIO range=[0xff000000-0xffffffff] (16MB) from e820 map
[    0.000000] e820: remove [mem 0xff000000-0xffffffff] reserved
[    0.000000] secureboot: Secure boot disabled
[    0.000000] SMBIOS 3.2.1 present.
[    0.000000] DMI: Dell Inc. Latitude 5500/0M14W7, BIOS 1.28.0 12/18/2023
[    0.000000] tsc: Detected 2100.000 MHz processor
[    0.000000] tsc: Detected 2099.944 MHz TSC
[    0.000624] e820: update [mem 0x00000000-0x00000fff] usable ==> reserved
[    0.000626] e820: remove [mem 0x000a0000-0x000fffff] usable
[    0.000634] last_pfn = 0x47c800 max_arch_pfn = 0x400000000
[    0.000637] MTRR map: 6 entries (3 fixed + 3 variable; max 23), built from 10 variable MTRRs
[    0.000639] x86/PAT: Configuration [0-7]: WB  WC  UC- UC  WB  WP  UC- WT  
[    0.001109] last_pfn = 0x7ad00 max_arch_pfn = 0x400000000
[    0.006514] esrt: Reserving ESRT space from 0x000000007a6e7798 to 0x000000007a6e77d0.
[    0.006523] Using GB pages for direct mapping
[    0.006798] secureboot: Secure boot disabled
[    0.006798] RAMDISK: [mem 0x65fc1000-0x6aa89fff]
[    0.007185] ACPI: Early table checksum verification disabled
[    0.007188] ACPI: RSDP 0x000000007895F000 000024 (v02 DELL  )
[    0.007191] ACPI: XSDT 0x000000007895F0C0 000104 (v01 DELL   CBX3     01072009 AMI  00010013)
[    0.007196] ACPI: FACP 0x000000007899F758 000114 (v06 DELL   CBX3     01072009 AMI  00010013)
[    0.007200] ACPI: DSDT 0x000000007895F258 0404FE (v02 DELL   CBX3     01072009 INTL 20160527)
[    0.007203] ACPI: FACS 0x0000000078E60C00 000040
[    0.007205] ACPI: APIC 0x000000007899F870 0000BC (v04 DELL   CBX3     01072009 AMI  00010013)
[    0.007207] ACPI: FPDT 0x000000007899F930 000044 (v01 DELL   CBX3     01072009 AMI  00010013)
[    0.007209] ACPI: FIDT 0x000000007899F978 00009C (v01 DELL   CBX3     01072009 AMI  00010013)
[    0.007212] ACPI: MCFG 0x000000007899FA18 00003C (v01 DELL   CBX3     01072009 MSFT 00000097)
[    0.007214] ACPI: SSDT 0x000000007899FA58 001B26 (v02 CpuRef CpuSsdt  00003000 INTL 20160527)
[    0.007216] ACPI: BOOT 0x00000000789A1580 000028 (v01 DELL   CBX3     01072009 AMI  00010013)
[    0.007219] ACPI: SSDT 0x00000000789A15A8 001663 (v02 SaSsdt SaSsdt   00003000 INTL 20160527)
[    0.007221] ACPI: HPET 0x00000000789A2C10 000038 (v01 DELL\x CBX3     00000002      01000013)
[    0.007223] ACPI: SSDT 0x00000000789A2C48 001A4C (v02 DELL\x CnlU_Rvp 00001000 INTL 20160527)
[    0.007226] ACPI: SSDT 0x00000000789A4698 003132 (v02 INTEL  xh_whld4 00000000 INTL 20160527)
[    0.007228] ACPI: UEFI 0x00000000789A77D0 000042 (v01 DELL\x CBX3     00000002      01000013)
[    0.007230] ACPI: LPIT 0x00000000789A7818 000094 (v01 DELL\x CBX3     00000002      01000013)
[    0.007232] ACPI: WSMT 0x00000000789A78B0 000028 (v01 DELL   CBX3     00000002      01000013)
[    0.007235] ACPI: SSDT 0x00000000789A78D8 0027DE (v02 DELL\x PtidDevc 00001000 INTL 20160527)
[    0.007237] ACPI: SSDT 0x00000000789AA0B8 000AE4 (v02 DELL\x TbtTypeC 00000000 INTL 20160527)
[    0.007239] ACPI: DBGP 0x00000000789AABA0 000034 (v01 DELL\x CBX3     00000002      01000013)
[    0.007241] ACPI: DBG2 0x00000000789AABD8 000054 (v00 DELL\x CBX3     00000002      01000013)
[    0.007244] ACPI: SSDT 0x00000000789AAC30 0007C6 (v02 DELL\x UsbCTabl 00001000 INTL 20160527)
[    0.007246] ACPI: SSDT 0x00000000789AB3F8 006C05 (v02 DptfTa DptfTabl 00001000 INTL 20160527)
[    0.007248] ACPI: MSDM 0x00000000789B2000 000055 (v03 DELL   CBX3     06222004 AMI  00010013)
[    0.007251] ACPI: SLIC 0x00000000789B2058 000176 (v03 DELL   CBX3     01072009 MSFT 00010013)
[    0.007253] ACPI: DMAR 0x00000000789B21D0 0000C8 (v01 INTEL  EDK2     00000002      01000013)
[    0.007255] ACPI: SSDT 0x00000000789B2298 000144 (v02 Intel  ADebTabl 00001000 INTL 20160527)
[    0.007258] ACPI: NHLT 0x00000000789B23E0 00002D (v00 INTEL  EDK2     00000002      01000013)
[    0.007260] ACPI: BGRT 0x00000000789B2410 000038 (v00 DELL   CBX3     01072009 AMI  00010013)
[    0.007262] ACPI: TPM2 0x00000000789B2448 000034 (v04 DELL\x CBX3     00000001 AMI  00000000)
[    0.007264] ACPI: ASF! 0x00000000789B2480 000074 (v32 DELL\x CBX3     00000002      01000013)
[    0.007266] ACPI: Reserving FACP table memory at [mem 0x7899f758-0x7899f86b]
[    0.007268] ACPI: Reserving DSDT table memory at [mem 0x7895f258-0x7899f755]
[    0.007268] ACPI: Reserving FACS table memory at [mem 0x78e60c00-0x78e60c3f]
[    0.007269] ACPI: Reserving APIC table memory at [mem 0x7899f870-0x7899f92b]
[    0.007270] ACPI: Reserving FPDT table memory at [mem 0x7899f930-0x7899f973]
[    0.007271] ACPI: Reserving FIDT table memory at [mem 0x7899f978-0x7899fa13]
[    0.007271] ACPI: Reserving MCFG table memory at [mem 0x7899fa18-0x7899fa53]
[    0.007272] ACPI: Reserving SSDT table memory at [mem 0x7899fa58-0x789a157d]
[    0.007273] ACPI: Reserving BOOT table memory at [mem 0x789a1580-0x789a15a7]
[    0.007273] ACPI: Reserving SSDT table memory at [mem 0x789a15a8-0x789a2c0a]
[    0.007274] ACPI: Reserving HPET table memory at [mem 0x789a2c10-0x789a2c47]
[    0.007275] ACPI: Reserving SSDT table memory at [mem 0x789a2c48-0x789a4693]
[    0.007275] ACPI: Reserving SSDT table memory at [mem 0x789a4698-0x789a77c9]
[    0.007276] ACPI: Reserving UEFI table memory at [mem 0x789a77d0-0x789a7811]
[    0.007277] ACPI: Reserving LPIT table memory at [mem 0x789a7818-0x789a78ab]
[    0.007277] ACPI: Reserving WSMT table memory at [mem 0x789a78b0-0x789a78d7]
[    0.007278] ACPI: Reserving SSDT table memory at [mem 0x789a78d8-0x789aa0b5]
[    0.007279] ACPI: Reserving SSDT table memory at [mem 0x789aa0b8-0x789aab9b]
[    0.007279] ACPI: Reserving DBGP table memory at [mem 0x789aaba0-0x789aabd3]
[    0.007280] ACPI: Reserving DBG2 table memory at [mem 0x789aabd8-0x789aac2b]
[    0.007281] ACPI: Reserving SSDT table memory at [mem 0x789aac30-0x789ab3f5]
[    0.007282] ACPI: Reserving SSDT table memory at [mem 0x789ab3f8-0x789b1ffc]
[    0.007282] ACPI: Reserving MSDM table memory at [mem 0x789b2000-0x789b2054]
[    0.007283] ACPI: Reserving SLIC table memory at [mem 0x789b2058-0x789b21cd]
[    0.007284] ACPI: Reserving DMAR table memory at [mem 0x789b21d0-0x789b2297]
[    0.007284] ACPI: Reserving SSDT table memory at [mem 0x789b2298-0x789b23db]
[    0.007285] ACPI: Reserving NHLT table memory at [mem 0x789b23e0-0x789b240c]
[    0.007286] ACPI: Reserving BGRT table memory at [mem 0x789b2410-0x789b2447]
[    0.007286] ACPI: Reserving TPM2 table memory at [mem 0x789b2448-0x789b247b]
[    0.007287] ACPI: Reserving ASF! table memory at [mem 0x789b2480-0x789b24f3]
[    0.007562] No NUMA configuration found
[    0.007562] Faking a node at [mem 0x0000000000000000-0x000000047c7fffff]
[    0.007570] NODE_DATA(0) allocated [mem 0x47c7d5000-0x47c7fffff]
[    0.007724] Zone ranges:
[    0.007725]   DMA      [mem 0x0000000000001000-0x0000000000ffffff]
[    0.007726]   DMA32    [mem 0x0000000001000000-0x00000000ffffffff]
[    0.007728]   Normal   [mem 0x0000000100000000-0x000000047c7fffff]
[    0.007729]   Device   empty
[    0.007730] Movable zone start for each node
[    0.007731] Early memory node ranges
[    0.007732]   node   0: [mem 0x0000000000001000-0x000000000009dfff]
[    0.007733]   node   0: [mem 0x000000000009f000-0x000000000009ffff]
[    0.007734]   node   0: [mem 0x0000000000100000-0x000000003fffffff]
[    0.007735]   node   0: [mem 0x0000000040400000-0x000000007016dfff]
[    0.007735]   node   0: [mem 0x0000000070170000-0x0000000077f2cfff]
[    0.007736]   node   0: [mem 0x000000007acff000-0x000000007acfffff]
[    0.007737]   node   0: [mem 0x0000000100000000-0x000000047c7fffff]
[    0.007739] Initmem setup node 0 [mem 0x0000000000001000-0x000000047c7fffff]
[    0.007743] On node 0, zone DMA: 1 pages in unavailable ranges
[    0.007744] On node 0, zone DMA: 1 pages in unavailable ranges
[    0.007764] On node 0, zone DMA: 96 pages in unavailable ranges
[    0.011209] On node 0, zone DMA32: 1024 pages in unavailable ranges
[    0.011458] On node 0, zone DMA32: 2 pages in unavailable ranges
[    0.011563] On node 0, zone DMA32: 11730 pages in unavailable ranges
[    0.039438] On node 0, zone Normal: 21248 pages in unavailable ranges
[    0.039580] On node 0, zone Normal: 14336 pages in unavailable ranges
[    0.039595] Reserving Intel graphics memory at [mem 0x7d800000-0x7f7fffff]
[    0.040016] ACPI: PM-Timer IO Port: 0x1808
[    0.040022] ACPI: LAPIC_NMI (acpi_id[0x01] high edge lint[0x1])
[    0.040023] ACPI: LAPIC_NMI (acpi_id[0x02] high edge lint[0x1])
[    0.040024] ACPI: LAPIC_NMI (acpi_id[0x03] high edge lint[0x1])
[    0.040025] ACPI: LAPIC_NMI (acpi_id[0x04] high edge lint[0x1])
[    0.040025] ACPI: LAPIC_NMI (acpi_id[0x05] high edge lint[0x1])
[    0.040026] ACPI: LAPIC_NMI (acpi_id[0x06] high edge lint[0x1])
[    0.040027] ACPI: LAPIC_NMI (acpi_id[0x07] high edge lint[0x1])
[    0.040027] ACPI: LAPIC_NMI (acpi_id[0x08] high edge lint[0x1])
[    0.040079] IOAPIC[0]: apic_id 2, version 32, address 0xfec00000, GSI 0-119
[    0.040081] ACPI: INT_SRC_OVR (bus 0 bus_irq 0 global_irq 2 dfl dfl)
[    0.040083] ACPI: INT_SRC_OVR (bus 0 bus_irq 9 global_irq 9 high level)
[    0.040086] ACPI: Using ACPI (MADT) for SMP configuration information
[    0.040087] ACPI: HPET id: 0x8086a201 base: 0xfed00000
[    0.040092] e820: update [mem 0x7312f000-0x731b7fff] usable ==> reserved
[    0.040102] TSC deadline timer available
[    0.040103] smpboot: Allowing 8 CPUs, 0 hotplug CPUs
[    0.040117] PM: hibernation: Registered nosave memory: [mem 0x00000000-0x00000fff]
[    0.040119] PM: hibernation: Registered nosave memory: [mem 0x0009e000-0x0009efff]
[    0.040120] PM: hibernation: Registered nosave memory: [mem 0x000a0000-0x000fffff]
[    0.040122] PM: hibernation: Registered nosave memory: [mem 0x40000000-0x403fffff]
[    0.040123] PM: hibernation: Registered nosave memory: [mem 0x65fb0000-0x65fb0fff]
[    0.040124] PM: hibernation: Registered nosave memory: [mem 0x65fc0000-0x65fc0fff]
[    0.040126] PM: hibernation: Registered nosave memory: [mem 0x7016e000-0x7016efff]
[    0.040126] PM: hibernation: Registered nosave memory: [mem 0x7016f000-0x7016ffff]
[    0.040128] PM: hibernation: Registered nosave memory: [mem 0x7312f000-0x731b7fff]
[    0.040129] PM: hibernation: Registered nosave memory: [mem 0x77f2d000-0x78945fff]
[    0.040130] PM: hibernation: Registered nosave memory: [mem 0x78946000-0x789c2fff]
[    0.040130] PM: hibernation: Registered nosave memory: [mem 0x789c3000-0x78e61fff]
[    0.040131] PM: hibernation: Registered nosave memory: [mem 0x78e62000-0x7acfefff]
[    0.040132] PM: hibernation: Registered nosave memory: [mem 0x7ad00000-0x7f7fffff]
[    0.040133] PM: hibernation: Registered nosave memory: [mem 0x7f800000-0xfdffffff]
[    0.040134] PM: hibernation: Registered nosave memory: [mem 0xfe000000-0xfe010fff]
[    0.040134] PM: hibernation: Registered nosave memory: [mem 0xfe011000-0xfebfffff]
[    0.040135] PM: hibernation: Registered nosave memory: [mem 0xfec00000-0xfec00fff]
[    0.040135] PM: hibernation: Registered nosave memory: [mem 0xfec01000-0xfedfffff]
[    0.040136] PM: hibernation: Registered nosave memory: [mem 0xfee00000-0xfee00fff]
[    0.040137] PM: hibernation: Registered nosave memory: [mem 0xfee01000-0xffffffff]
[    0.040138] [mem 0x7f800000-0xfdffffff] available for PCI devices
[    0.040139] Booting paravirtualized kernel on bare hardware
[    0.040141] clocksource: refined-jiffies: mask: 0xffffffff max_cycles: 0xffffffff, max_idle_ns: 1910969940391419 ns
[    0.040147] setup_percpu: NR_CPUS:8192 nr_cpumask_bits:8 nr_cpu_ids:8 nr_node_ids:1
[    0.040877] percpu: Embedded 86 pages/cpu s229376 r8192 d114688 u524288
[    0.040883] pcpu-alloc: s229376 r8192 d114688 u524288 alloc=1*2097152
[    0.040885] pcpu-alloc: [0] 0 1 2 3 [0] 4 5 6 7 
[    0.040903] Kernel command line: BOOT_IMAGE=/boot/vmlinuz-6.8.0-84-generic root=UUID=3d2260e9-0869-4b87-aec0-368df5c81c84 ro quiet splash
[    0.040957] Unknown kernel command line parameters "splash BOOT_IMAGE=/boot/vmlinuz-6.8.0-84-generic", will be passed to user space.
[    0.042947] Dentry cache hash table entries: 2097152 (order: 12, 16777216 bytes, linear)
[    0.043954] Inode-cache hash table entries: 1048576 (order: 11, 8388608 bytes, linear)
[    0.044037] Fallback order for Node 0: 0 
[    0.044039] Built 1 zonelists, mobility grouping on.  Total pages: 4080927
[    0.044040] Policy zone: Normal
[    0.044045] mem auto-init: stack:all(zero), heap alloc:on, heap free:off
[    0.044051] software IO TLB: area num 8.
[    0.100056] Memory: 16027764K/16583464K available (22528K kernel code, 4444K rwdata, 14384K rodata, 5008K init, 4696K bss, 555440K reserved, 0K cma-reserved)
[    0.100843] SLUB: HWalign=64, Order=0-3, MinObjects=0, CPUs=8, Nodes=1
[    0.100866] ftrace: allocating 58207 entries in 228 pages
[    0.109843] ftrace: allocated 228 pages with 4 groups
[    0.110520] Dynamic Preempt: voluntary
[    0.110581] rcu: Preemptible hierarchical RCU implementation.
[    0.110582] rcu: 	RCU restricting CPUs from NR_CPUS=8192 to nr_cpu_ids=8.
[    0.110584] 	Trampoline variant of Tasks RCU enabled.
[    0.110584] 	Rude variant of Tasks RCU enabled.
[    0.110584] 	Tracing variant of Tasks RCU enabled.
[    0.110585] rcu: RCU calculated value of scheduler-enlistment delay is 100 jiffies.
[    0.110586] rcu: Adjusting geometry for rcu_fanout_leaf=16, nr_cpu_ids=8
[    0.110596] RCU Tasks: Setting shift to 3 and lim to 1 rcu_task_cb_adjust=1 rcu_task_cpu_ids=8.
[    0.110597] RCU Tasks Rude: Setting shift to 3 and lim to 1 rcu_task_cb_adjust=1 rcu_task_cpu_ids=8.
[    0.110599] RCU Tasks Trace: Setting shift to 3 and lim to 1 rcu_task_cb_adjust=1 rcu_task_cpu_ids=8.
[    0.113479] NR_IRQS: 524544, nr_irqs: 2048, preallocated irqs: 16
[    0.113754] rcu: srcu_init: Setting srcu_struct sizes based on contention.
[    0.114041] Console: colour dummy device 80x25
[    0.114048] printk: legacy console [tty0] enabled
[    0.114091] ACPI: Core revision 20230628
[    0.114326] hpet: HPET dysfunctional in PC10. Force disabled.
[    0.114365] APIC: Switch to symmetric I/O mode setup
[    0.114367] DMAR: Host address width 39
[    0.114368] DMAR: DRHD base: 0x000000fed90000 flags: 0x0
[    0.114377] DMAR: dmar0: reg_base_addr fed90000 ver 1:0 cap 1c0000c40660462 ecap 19e2ff0505e
[    0.114379] DMAR: DRHD base: 0x000000fed91000 flags: 0x1
[    0.114382] DMAR: dmar1: reg_base_addr fed91000 ver 1:0 cap d2008c40660462 ecap f050da
[    0.114384] DMAR: RMRR base: 0x00000078822000 end: 0x00000078841fff
[    0.114385] DMAR: RMRR base: 0x0000007d000000 end: 0x0000007f7fffff
[    0.114386] DMAR: RMRR base: 0x000000788c6000 end: 0x00000078945fff
[    0.114387] DMAR-IR: IOAPIC id 2 under DRHD base  0xfed91000 IOMMU 1
[    0.114388] DMAR-IR: HPET id 0 under DRHD base 0xfed91000
[    0.114389] DMAR-IR: Queued invalidation will be enabled to support x2apic and Intr-remapping.
[    0.116681] DMAR-IR: Enabled IRQ remapping in x2apic mode
[    0.116683] x2apic enabled
[    0.116744] APIC: Switched APIC routing to: cluster x2apic
[    0.122403] clocksource: tsc-early: mask: 0xffffffffffffffff max_cycles: 0x1e44fb6c2ab, max_idle_ns: 440795206594 ns
[    0.122408] Calibrating delay loop (skipped), value calculated using timer frequency.. 4199.88 BogoMIPS (lpj=2099944)
[    0.122452] x86/cpu: SGX disabled by BIOS.
[    0.122458] CPU0: Thermal monitoring enabled (TM1)
[    0.122494] process: using mwait in idle threads
[    0.122496] Last level iTLB entries: 4KB 64, 2MB 8, 4MB 8
[    0.122498] Last level dTLB entries: 4KB 64, 2MB 32, 4MB 32, 1GB 4
[    0.122501] Spectre V1 : Mitigation: usercopy/swapgs barriers and __user pointer sanitization
[    0.122503] Spectre V2 : Spectre BHI mitigation: SW BHB clearing on vm exit
[    0.122504] Spectre V2 : Spectre BHI mitigation: SW BHB clearing on syscall
[    0.122504] Spectre V2 : Mitigation: Enhanced / Automatic IBRS
[    0.122505] Spectre V2 : Spectre v2 / SpectreRSB mitigation: Filling RSB on context switch
[    0.122505] Spectre V2 : Spectre v2 / PBRSB-eIBRS: Retire a single CALL on VMEXIT
[    0.122506] RETBleed: Mitigation: Enhanced IBRS
[    0.122507] Spectre V2 : mitigation: Enabling conditional Indirect Branch Prediction Barrier
[    0.122509] Speculative Store Bypass: Mitigation: Speculative Store Bypass disabled via prctl
[    0.122513] TAA: Mitigation: TSX disabled
[    0.122514] MMIO Stale Data: Mitigation: Clear CPU buffers
[    0.122516] SRBDS: Mitigation: Microcode
[    0.122520] GDS: Mitigation: Microcode
[    0.122524] x86/fpu: Supporting XSAVE feature 0x001: 'x87 floating point registers'
[    0.122525] x86/fpu: Supporting XSAVE feature 0x002: 'SSE registers'
[    0.122526] x86/fpu: Supporting XSAVE feature 0x004: 'AVX registers'
[    0.122526] x86/fpu: Supporting XSAVE feature 0x008: 'MPX bounds registers'
[    0.122527] x86/fpu: Supporting XSAVE feature 0x010: 'MPX CSR'
[    0.122528] x86/fpu: xstate_offset[2]:  576, xstate_sizes[2]:  256
[    0.122529] x86/fpu: xstate_offset[3]:  832, xstate_sizes[3]:   64
[    0.122530] x86/fpu: xstate_offset[4]:  896, xstate_sizes[4]:   64
[    0.122531] x86/fpu: Enabled xstate features 0x1f, context size is 960 bytes, using 'compacted' format.
[    0.123406] Freeing SMP alternatives memory: 48K
[    0.123406] pid_max: default: 32768 minimum: 301
[    0.123406] LSM: initializing lsm=lockdown,capability,landlock,yama,apparmor,integrity
[    0.123406] landlock: Up and running.
[    0.123406] Yama: becoming mindful.
[    0.123406] AppArmor: AppArmor initialized
[    0.123406] Mount-cache hash table entries: 32768 (order: 6, 262144 bytes, linear)
[    0.123406] Mountpoint-cache hash table entries: 32768 (order: 6, 262144 bytes, linear)

lscpu_cache NAME ONE-SIZE ALL-SIZE WAYS TYPE        LEVEL SETS PHY-LINE COHERENCY-SIZE
lscpu_cache L1d       32K     128K    8 Data            1   64        1             64
lscpu_cache L1i       32K     128K    8 Instruction     1   64        1             64
lscpu_cache L2       256K       1M    4 Unified         2 1024        1             64
lscpu_cache L3         8M       8M   16 Unified         3 8192        1             64


[    0.123406] smpboot: CPU0: Intel(R) Core(TM) i7-8665U CPU @ 1.90GHz (family: 0x6, model: 0x8e, stepping: 0xc)
[    0.123406] Performance Events: PEBS fmt3+, Skylake events, 32-deep LBR, full-width counters, Intel PMU driver.
[    0.123406] ... version:                4
[    0.123406] ... bit width:              48
[    0.123406] ... generic registers:      4
[    0.123406] ... value mask:             0000ffffffffffff
[    0.123406] ... max period:             00007fffffffffff
[    0.123406] ... fixed-purpose events:   3
[    0.123406] ... event mask:             000000070000000f
[    0.123406] signal: max sigframe size: 2032
[    0.123406] Estimated ratio of average max frequency by base frequency (times 1024): 2048
[    0.124388] rcu: Hierarchical SRCU implementation.
[    0.124389] rcu: 	Max phase no-delay instances is 400.
[    0.124813] NMI watchdog: Enabled. Permanently consumes one hw-PMU counter.
[    0.124863] smp: Bringing up secondary CPUs ...
[    0.124929] smpboot: x86: Booting SMP configuration:
[    0.124930] .... node  #0, CPUs:      #1 #2 #3 #4 #5 #6 #7
[    0.128509] MMIO Stale Data CPU bug present and SMT on, data leak possible. See https://www.kernel.org/doc/html/latest/admin-guide/hw-vuln/processor_mmio_stale_data.html for more details.
[    0.128509] smp: Brought up 1 node, 8 CPUs
[    0.128509] smpboot: Max logical packages: 1
[    0.128509] smpboot: Total of 8 processors activated (33599.10 BogoMIPS)
[    0.129867] devtmpfs: initialized
[    0.129867] x86/mm: Memory block size: 128MB
[    0.131046] ACPI: PM: Registering ACPI NVS region [mem 0x7016e000-0x7016efff] (4096 bytes)
[    0.131046] ACPI: PM: Registering ACPI NVS region [mem 0x789c3000-0x78e61fff] (4845568 bytes)
[    0.131046] clocksource: jiffies: mask: 0xffffffff max_cycles: 0xffffffff, max_idle_ns: 1911260446275000 ns
[    0.131046] futex hash table entries: 2048 (order: 5, 131072 bytes, linear)
[    0.131046] pinctrl core: initialized pinctrl subsystem

lspci   00:00.0 Host bridge: Intel Corporation Coffee Lake HOST and DRAM Controller (rev 0c)
lspci   00:02.0 VGA compatible controller: Intel Corporation WhiskeyLake-U GT2 [UHD Graphics 620] (rev 02)
lspci   00:04.0 Signal processing controller: Intel Corporation Xeon E3-1200 v5/E3-1500 v5/6th Gen Core Processor Thermal Subsystem (rev 0c)
lspci   00:08.0 System peripheral: Intel Corporation Xeon E3-1200 v5/v6 / E3-1500 v5 / 6th/7th/8th Gen Core Processor Gaussian Mixture Model
lspci   00:12.0 Signal processing controller: Intel Corporation Cannon Point-LP Thermal Controller (rev 30)
lspci   00:14.0 USB controller: Intel Corporation Cannon Point-LP USB 3.1 xHCI Controller (rev 30)
lspci   00:14.2 RAM memory: Intel Corporation Cannon Point-LP Shared SRAM (rev 30)
lspci   00:14.3 Network controller: Intel Corporation Cannon Point-LP CNVi [Wireless-AC] (rev 30)

[    0.131408] PM: RTC time: 06:59:56, date: 2025-09-29
[    0.131759] NET: Registered PF_NETLINK/PF_ROUTE protocol family
[    0.131955] DMA: preallocated 2048 KiB GFP_KERNEL pool for atomic allocations
[    0.132052] DMA: preallocated 2048 KiB GFP_KERNEL|GFP_DMA pool for atomic allocations
[    0.132157] DMA: preallocated 2048 KiB GFP_KERNEL|GFP_DMA32 pool for atomic allocations
[    0.132173] audit: initializing netlink subsys (disabled)
[    0.132184] audit: type=2000 audit(1759129196.009:1): state=initialized audit_enabled=0 res=1
[    0.132184] thermal_sys: Registered thermal governor 'fair_share'
[    0.132184] thermal_sys: Registered thermal governor 'bang_bang'
[    0.132184] thermal_sys: Registered thermal governor 'step_wise'
[    0.132184] thermal_sys: Registered thermal governor 'user_space'
[    0.132184] thermal_sys: Registered thermal governor 'power_allocator'
[    0.132184] EISA bus registered
[    0.132184] cpuidle: using governor ladder
[    0.132184] cpuidle: using governor menu
[    0.132184] Simple Boot Flag at 0x47 set to 0x80
[    0.132184] acpiphp: ACPI Hot Plug PCI Controller Driver version: 0.5
[    0.132184] PCI: ECAM [mem 0xf0000000-0xf7ffffff] (base 0xf0000000) for domain 0000 [bus 00-7f]
[    0.132184] PCI: Using configuration type 1 for base access
[    0.132437] kprobes: kprobe jump-optimization is enabled. All kprobes are optimized if possible.
[    0.132442] HugeTLB: registered 1.00 GiB page size, pre-allocated 0 pages
[    0.132442] HugeTLB: 16380 KiB vmemmap can be freed for a 1.00 GiB page
[    0.132442] HugeTLB: registered 2.00 MiB page size, pre-allocated 0 pages
[    0.132442] HugeTLB: 28 KiB vmemmap can be freed for a 2.00 MiB page
[    0.132534] ACPI: Added _OSI(Module Device)
[    0.132534] ACPI: Added _OSI(Processor Device)
[    0.132534] ACPI: Added _OSI(3.0 _SCP Extensions)
[    0.132534] ACPI: Added _OSI(Processor Aggregator Device)
[    0.182442] ACPI: 10 ACPI AML tables successfully acquired and loaded
[    0.186733] ACPI: [Firmware Bug]: BIOS _OSI(Linux) query ignored
[    0.193815] ACPI: Dynamic OEM Table Load:
[    0.193822] ACPI: SSDT 0xFFFF8E7D820FE800 000400 (v02 PmRef  Cpu0Cst  00003001 INTL 20160527)
[    0.194795] ACPI: Dynamic OEM Table Load:
[    0.194799] ACPI: SSDT 0xFFFF8E7D82102800 000560 (v02 PmRef  Cpu0Ist  00003000 INTL 20160527)
[    0.195774] ACPI: Dynamic OEM Table Load:
[    0.195778] ACPI: SSDT 0xFFFF8E7D80FDE200 0000F4 (v02 PmRef  Cpu0Psd  00003000 INTL 20160527)
[    0.196682] ACPI: Dynamic OEM Table Load:
[    0.196686] ACPI: SSDT 0xFFFF8E7D81A9E400 00011B (v02 PmRef  Cpu0Hwp  00003000 INTL 20160527)
[    0.197555] ACPI: Dynamic OEM Table Load:
[    0.197562] ACPI: SSDT 0xFFFF8E7D82107000 000724 (v02 PmRef  HwpLvt   00003000 INTL 20160527)
[    0.198631] ACPI: Dynamic OEM Table Load:
[    0.198635] ACPI: SSDT 0xFFFF8E7D82106800 0005FC (v02 PmRef  ApIst    00003000 INTL 20160527)
[    0.199639] ACPI: Dynamic OEM Table Load:
[    0.199643] ACPI: SSDT 0xFFFF8E7D820F9400 000317 (v02 PmRef  ApHwp    00003000 INTL 20160527)
[    0.200665] ACPI: Dynamic OEM Table Load:
[    0.200669] ACPI: SSDT 0xFFFF8E7D82157000 000AB0 (v02 PmRef  ApPsd    00003000 INTL 20160527)
[    0.202089] ACPI: Dynamic OEM Table Load:
[    0.202093] ACPI: SSDT 0xFFFF8E7D820F9000 00030A (v02 PmRef  ApCst    00003000 INTL 20160527)
[    0.204944] ACPI: _OSC evaluated successfully for all CPUs
[    0.205032] ACPI: EC: EC started
[    0.205033] ACPI: EC: interrupt blocked
[    0.215531] ACPI: EC: EC_CMD/EC_SC=0x934, EC_DATA=0x930
[    0.215536] ACPI: \_SB_.PCI0.LPCB.ECDV: Boot DSDT EC used to handle transactions
[    0.215537] ACPI: Interpreter enabled
[    0.215574] ACPI: PM: (supports S0 S3 S4 S5)
[    0.215576] ACPI: Using IOAPIC for interrupt routing
[    0.216870] PCI: Using host bridge windows from ACPI; if necessary, use "pci=nocrs" and report a bug
[    0.216871] PCI: Ignoring E820 reservations for host bridge windows
[    0.217318] ACPI: Enabled 10 GPEs in block 00 to 7F
[    0.227310] ACPI: \_SB_.PCI0.XHC_.RHUB.HS10.BTPR: New power resource
[    0.227406] ACPI: \_SB_.PCI0.XDCI.USBC: New power resource
[    0.228568] ACPI: \_SB_.PCI0.PAUD: New power resource
[    0.230812] ACPI: \_SB_.PCI0.SAT0.VOL0.V0PR: New power resource
[    0.230948] ACPI: \_SB_.PCI0.SAT0.VOL1.V1PR: New power resource
[    0.231078] ACPI: \_SB_.PCI0.SAT0.VOL2.V2PR: New power resource
[    0.239471] ACPI: \_SB_.PCI0.CNVW.WRST: New power resource
[    0.250658] ACPI: \PIN_: New power resource
[    0.251257] ACPI: PCI Root Bridge [PCI0] (domain 0000 [bus 00-7e])
[    0.251263] acpi PNP0A08:00: _OSC: OS supports [ExtendedConfig ASPM ClockPM Segments MSI EDR HPX-Type3]
[    0.254491] acpi PNP0A08:00: _OSC: OS now controls [PCIeHotplug SHPCHotplug PME AER PCIeCapability LTR DPC]
[    0.255450] PCI host bridge to bus 0000:00
[    0.255451] pci_bus 0000:00: root bus resource [io  0x0000-0x0cf7 window]
[    0.255454] pci_bus 0000:00: root bus resource [io  0x0d00-0xffff window]
[    0.255455] pci_bus 0000:00: root bus resource [mem 0x000a0000-0x000dffff window]
[    0.255456] pci_bus 0000:00: root bus resource [mem 0x7f800000-0xefffffff window]
[    0.255457] pci_bus 0000:00: root bus resource [mem 0xfc800000-0xfe7fffff window]
[    0.255458] pci_bus 0000:00: root bus resource [bus 00-7e]
[    0.255482] pci 0000:00:00.0: [8086:3e34] type 00 class 0x060000 conventional PCI endpoint
[    0.255556] pci 0000:00:02.0: [8086:3ea0] type 00 class 0x030000 PCIe Root Complex Integrated Endpoint
[    0.255570] pci 0000:00:02.0: BAR 0 [mem 0x90000000-0x90ffffff 64bit]
[    0.255572] pci 0000:00:02.0: BAR 2 [mem 0x80000000-0x8fffffff 64bit pref]
[    0.255574] pci 0000:00:02.0: BAR 4 [io  0x3000-0x303f]
[    0.255597] pci 0000:00:02.0: Video device with shadowed ROM at [mem 0x000c0000-0x000dffff]
[    0.255737] pci 0000:00:04.0: [8086:1903] type 00 class 0x118000 conventional PCI endpoint
[    0.255755] pci 0000:00:04.0: BAR 0 [mem 0x91330000-0x91337fff 64bit]
[    0.255969] pci 0000:00:08.0: [8086:1911] type 00 class 0x088000 conventional PCI endpoint
[    0.255986] pci 0000:00:08.0: BAR 0 [mem 0x9134e000-0x9134efff 64bit]
[    0.256089] pci 0000:00:12.0: [8086:9df9] type 00 class 0x118000 conventional PCI endpoint
[    0.256129] pci 0000:00:12.0: BAR 0 [mem 0x9134d000-0x9134dfff 64bit]
[    0.256240] pci 0000:00:14.0: [8086:9ded] type 00 class 0x0c0330 conventional PCI endpoint
[    0.256269] pci 0000:00:14.0: BAR 0 [mem 0x91320000-0x9132ffff 64bit]
[    0.256299] pci 0000:00:14.0: PME# supported from D3hot D3cold
[    0.256573] pci 0000:00:14.2: [8086:9def] type 00 class 0x050000 conventional PCI endpoint
[    0.256610] pci 0000:00:14.2: BAR 0 [mem 0x91342000-0x91343fff 64bit]
[    0.256613] pci 0000:00:14.2: BAR 2 [mem 0x9134c000-0x9134cfff 64bit]
[    0.256705] pci 0000:00:14.3: [8086:9df0] type 00 class 0x028000 PCIe Root Complex Integrated Endpoint
[    0.256747] pci 0000:00:14.3: BAR 0 [mem 0x9133c000-0x9133ffff 64bit]
[    0.256821] pci 0000:00:14.3: PME# supported from D0 D3hot D3cold
[    0.257158] pci 0000:00:15.0: [8086:9de8] type 00 class 0x0c8000 conventional PCI endpoint
[    0.257213] pci 0000:00:15.0: BAR 0 [mem 0x00000000-0x00000fff 64bit]
[    0.257646] pci 0000:00:15.1: [8086:9de9] type 00 class 0x0c8000 conventional PCI endpoint
[    0.257703] pci 0000:00:15.1: BAR 0 [mem 0x00000000-0x00000fff 64bit]
[    0.258025] pci 0000:00:16.0: [8086:9de0] type 00 class 0x078000 conventional PCI endpoint
[    0.258070] pci 0000:00:16.0: BAR 0 [mem 0x91349000-0x91349fff 64bit]
[    0.258117] pci 0000:00:16.0: PME# supported from D3hot
[    0.258377] pci 0000:00:16.3: [8086:9de3] type 00 class 0x070002 conventional PCI endpoint
[    0.258411] pci 0000:00:16.3: BAR 0 [io  0x30a0-0x30a7]
[    0.258414] pci 0000:00:16.3: BAR 1 [mem 0x91348000-0x91348fff]
[    0.258508] pci 0000:00:17.0: [8086:9dd3] type 00 class 0x010601 conventional PCI endpoint
[    0.258541] pci 0000:00:17.0: BAR 0 [mem 0x91340000-0x91341fff]
[    0.258545] pci 0000:00:17.0: BAR 1 [mem 0x91347000-0x913470ff]
[    0.258548] pci 0000:00:17.0: BAR 2 [io  0x3090-0x3097]
[    0.258551] pci 0000:00:17.0: BAR 3 [io  0x3080-0x3083]
[    0.258555] pci 0000:00:17.0: BAR 4 [io  0x3060-0x307f]
[    0.258558] pci 0000:00:17.0: BAR 5 [mem 0x91346000-0x913467ff]
[    0.258591] pci 0000:00:17.0: PME# supported from D3hot
[    0.258886] pci 0000:00:19.0: [8086:9dc5] type 00 class 0x0c8000 conventional PCI endpoint
[    0.258947] pci 0000:00:19.0: BAR 0 [mem 0x00000000-0x00000fff 64bit]
[    0.259289] pci 0000:00:1c.0: [8086:9dbf] type 01 class 0x060400 PCIe Root Port
[    0.259305] pci 0000:00:1c.0: PCI bridge to [bus 01]
[    0.259310] pci 0000:00:1c.0:   bridge window [mem 0x91200000-0x912fffff]
[    0.259367] pci 0000:00:1c.0: PME# supported from D0 D3hot D3cold
[    0.259395] pci 0000:00:1c.0: PTM enabled (root), 4ns granularity
[    0.260013] pci 0000:00:1d.0: [8086:9db4] type 01 class 0x060400 PCIe Root Port
[    0.260032] pci 0000:00:1d.0: PCI bridge to [bus 02]
[    0.260037] pci 0000:00:1d.0:   bridge window [mem 0x91100000-0x911fffff]
[    0.260100] pci 0000:00:1d.0: PME# supported from D0 D3hot D3cold
[    0.260131] pci 0000:00:1d.0: PTM enabled (root), 4ns granularity
[    0.260753] pci 0000:00:1f.0: [8086:9d84] type 00 class 0x060100 conventional PCI endpoint
[    0.261012] pci 0000:00:1f.3: [8086:9dc8] type 00 class 0x040380 conventional PCI endpoint
[    0.261082] pci 0000:00:1f.3: BAR 0 [mem 0x91338000-0x9133bfff 64bit]
[    0.261092] pci 0000:00:1f.3: BAR 4 [mem 0x91000000-0x910fffff 64bit]
[    0.261158] pci 0000:00:1f.3: PME# supported from D3hot D3cold
[    0.261618] pci 0000:00:1f.4: [8086:9da3] type 00 class 0x0c0500 conventional PCI endpoint
[    0.261660] pci 0000:00:1f.4: BAR 0 [mem 0x91344000-0x913440ff 64bit]
[    0.261672] pci 0000:00:1f.4: BAR 4 [io  0xefa0-0xefbf]
[    0.261875] pci 0000:00:1f.5: [8086:9da4] type 00 class 0x0c8000 conventional PCI endpoint
[    0.261915] pci 0000:00:1f.5: BAR 0 [mem 0xfe010000-0xfe010fff]
[    0.261983] pci 0000:00:1f.6: [8086:15bd] type 00 class 0x020000 conventional PCI endpoint
[    0.262060] pci 0000:00:1f.6: BAR 0 [mem 0x91300000-0x9131ffff]
[    0.262133] pci 0000:00:1f.6: PME# supported from D0 D3hot D3cold
[    0.262299] pci 0000:01:00.0: [10ec:525a] type 00 class 0xff0000 PCIe Endpoint
[    0.262348] pci 0000:01:00.0: BAR 1 [mem 0x91200000-0x91200fff]
[    0.262444] pci 0000:01:00.0: supports D1 D2
[    0.262445] pci 0000:01:00.0: PME# supported from D1 D2 D3hot D3cold
[    0.262656] pci 0000:00:1c.0: PCI bridge to [bus 01]
[    0.262847] pci 0000:02:00.0: [1e0f:0001] type 00 class 0x010802 PCIe Endpoint
[    0.262953] pci 0000:02:00.0: BAR 0 [mem 0x91100000-0x91103fff 64bit]
[    0.263114] pci 0000:02:00.0: PME# supported from D0 D3hot
[    0.263352] pci 0000:00:1d.0: PCI bridge to [bus 02]
[    0.265370] ACPI: PCI: Interrupt link LNKA configured for IRQ 0
[    0.265439] ACPI: PCI: Interrupt link LNKB configured for IRQ 1
[    0.265503] ACPI: PCI: Interrupt link LNKC configured for IRQ 0
[    0.265567] ACPI: PCI: Interrupt link LNKD configured for IRQ 0
[    0.265631] ACPI: PCI: Interrupt link LNKE configured for IRQ 0
[    0.265695] ACPI: PCI: Interrupt link LNKF configured for IRQ 0
[    0.265758] ACPI: PCI: Interrupt link LNKG configured for IRQ 0
[    0.265822] ACPI: PCI: Interrupt link LNKH configured for IRQ 0
[    0.271305] Low-power S0 idle used by default for system suspend
[    0.279021] ACPI: EC: interrupt unblocked
[    0.279022] ACPI: EC: event unblocked
[    0.279027] ACPI: EC: EC_CMD/EC_SC=0x934, EC_DATA=0x930
[    0.279028] ACPI: EC: GPE=0x6e
[    0.279029] ACPI: \_SB_.PCI0.LPCB.ECDV: Boot DSDT EC initialization complete
[    0.279031] ACPI: \_SB_.PCI0.LPCB.ECDV: EC: Used to handle transactions and events
[    0.279308] iommu: Default domain type: Translated
[    0.279308] iommu: DMA domain TLB invalidation policy: lazy mode
[    0.279653] SCSI subsystem initialized
[    0.279662] libata version 3.00 loaded.
[    0.279662] ACPI: bus type USB registered
[    0.279662] usbcore: registered new interface driver usbfs
[    0.279662] usbcore: registered new interface driver hub
[    0.279662] usbcore: registered new device driver usb
[    0.279662] pps_core: LinuxPPS API ver. 1 registered
[    0.279662] pps_core: Software ver. 5.3.6 - Copyright 2005-2007 Rodolfo Giometti <giometti@linux.it>
[    0.279662] PTP clock support registered
[    0.279662] EDAC MC: Ver: 3.0.0
[    0.280444] efivars: Registered efivars operations
[    0.280593] NetLabel: Initializing
[    0.280594] NetLabel:  domain hash size = 128
[    0.280594] NetLabel:  protocols = UNLABELED CIPSOv4 CALIPSO
[    0.280607] NetLabel:  unlabeled traffic allowed by default
[    0.280618] mctp: management component transport protocol core
[    0.280618] NET: Registered PF_MCTP protocol family
[    0.280618] PCI: Using ACPI for IRQ routing
[    0.304450] PCI: pci_cache_line_size set to 64 bytes
[    0.304547] e820: reserve RAM buffer [mem 0x0009e000-0x0009ffff]
[    0.304548] e820: reserve RAM buffer [mem 0x65fb0018-0x67ffffff]
[    0.304549] e820: reserve RAM buffer [mem 0x7016e000-0x73ffffff]
[    0.304550] e820: reserve RAM buffer [mem 0x7312f000-0x73ffffff]
[    0.304551] e820: reserve RAM buffer [mem 0x77f2d000-0x77ffffff]
[    0.304552] e820: reserve RAM buffer [mem 0x7ad00000-0x7bffffff]
[    0.304552] e820: reserve RAM buffer [mem 0x47c800000-0x47fffffff]
[    0.304579] pci 0000:00:02.0: vgaarb: setting as boot VGA device
[    0.304579] pci 0000:00:02.0: vgaarb: bridge control possible
[    0.304579] pci 0000:00:02.0: vgaarb: VGA device added: decodes=io+mem,owns=io+mem,locks=none
[    0.304579] vgaarb: loaded
[    0.304579] clocksource: Switched to clocksource tsc-early
[    0.304802] VFS: Disk quotas dquot_6.6.0
[    0.304812] VFS: Dquot-cache hash table entries: 512 (order 0, 4096 bytes)
[    0.304911] AppArmor: AppArmor Filesystem Enabled
[    0.304929] pnp: PnP ACPI init
[    0.304992] system 00:00: [mem 0x40000000-0x403fffff] has been reserved
[    0.305125] system 00:01: [io  0x0680-0x069f] has been reserved
[    0.305127] system 00:01: [io  0x164e-0x164f] has been reserved
[    0.305239] system 00:03: [io  0x1854-0x1857] has been reserved
[    0.305487] system 00:06: [mem 0xfed10000-0xfed17fff] has been reserved
[    0.305489] system 00:06: [mem 0xfed18000-0xfed18fff] has been reserved
[    0.305490] system 00:06: [mem 0xfed19000-0xfed19fff] has been reserved
[    0.305492] system 00:06: [mem 0xf0000000-0xf7ffffff] has been reserved
[    0.305493] system 00:06: [mem 0xfed20000-0xfed3ffff] has been reserved
[    0.305494] system 00:06: [mem 0xfed90000-0xfed93fff] could not be reserved
[    0.305495] system 00:06: [mem 0xfed45000-0xfed8ffff] has been reserved
[    0.305496] system 00:06: [mem 0xfee00000-0xfeefffff] could not be reserved
[    0.305664] system 00:07: [io  0x1800-0x18fe] could not be reserved
[    0.305666] system 00:07: [mem 0xfd000000-0xfd69ffff] has been reserved
[    0.305667] system 00:07: [mem 0xfd6b0000-0xfd6cffff] has been reserved
[    0.305668] system 00:07: [mem 0xfd6f0000-0xfdffffff] has been reserved
[    0.305670] system 00:07: [mem 0xfe000000-0xfe01ffff] could not be reserved
[    0.305671] system 00:07: [mem 0xfe200000-0xfe7fffff] has been reserved
[    0.305672] system 00:07: [mem 0xff000000-0xffffffff] has been reserved
[    0.305898] system 00:08: [io  0x2000-0x20fe] has been reserved
[    0.313596] pnp: PnP ACPI: found 10 devices
[    0.318993] clocksource: acpi_pm: mask: 0xffffff max_cycles: 0xffffff, max_idle_ns: 2085701024 ns
[    0.319045] NET: Registered PF_INET protocol family
[    0.319155] IP idents hash table entries: 262144 (order: 9, 2097152 bytes, linear)
[    0.331155] tcp_listen_portaddr_hash hash table entries: 8192 (order: 5, 131072 bytes, linear)
[    0.331176] Table-perturb hash table entries: 65536 (order: 6, 262144 bytes, linear)
[    0.331207] TCP established hash table entries: 131072 (order: 8, 1048576 bytes, linear)
[    0.331353] TCP bind hash table entries: 65536 (order: 9, 2097152 bytes, linear)
[    0.331516] TCP: Hash tables configured (established 131072 bind 65536)
[    0.331590] MPTCP token hash table entries: 16384 (order: 6, 393216 bytes, linear)
[    0.331622] UDP hash table entries: 8192 (order: 6, 262144 bytes, linear)
[    0.331651] UDP-Lite hash table entries: 8192 (order: 6, 262144 bytes, linear)
[    0.331701] NET: Registered PF_UNIX/PF_LOCAL protocol family
[    0.331707] NET: Registered PF_XDP protocol family
[    0.331721] pci 0000:00:15.0: BAR 0 [mem 0x7f800000-0x7f800fff 64bit]: assigned
[    0.331739] pci 0000:00:15.1: BAR 0 [mem 0x7f801000-0x7f801fff 64bit]: assigned
[    0.331748] pci 0000:00:19.0: BAR 0 [mem 0x7f802000-0x7f802fff 64bit]: assigned
[    0.331764] pci 0000:00:1c.0: PCI bridge to [bus 01]
[    0.331767] pci 0000:00:1c.0:   bridge window [mem 0x91200000-0x912fffff]
[    0.331772] pci 0000:00:1d.0: PCI bridge to [bus 02]
[    0.331775] pci 0000:00:1d.0:   bridge window [mem 0x91100000-0x911fffff]
[    0.331780] pci_bus 0000:00: resource 4 [io  0x0000-0x0cf7 window]
[    0.331781] pci_bus 0000:00: resource 5 [io  0x0d00-0xffff window]
[    0.331782] pci_bus 0000:00: resource 6 [mem 0x000a0000-0x000dffff window]
[    0.331784] pci_bus 0000:00: resource 7 [mem 0x7f800000-0xefffffff window]
[    0.331785] pci_bus 0000:00: resource 8 [mem 0xfc800000-0xfe7fffff window]
[    0.331786] pci_bus 0000:01: resource 1 [mem 0x91200000-0x912fffff]
[    0.331787] pci_bus 0000:02: resource 1 [mem 0x91100000-0x911fffff]
[    0.332239] PCI: CLS 64 bytes, default 64
[    0.332276] DMAR: No ATSR found
[    0.332276] DMAR: No SATC found
[    0.332277] DMAR: IOMMU feature fl1gp_support inconsistent
[    0.332278] DMAR: IOMMU feature pgsel_inv inconsistent
[    0.332278] DMAR: IOMMU feature nwfs inconsistent
[    0.332279] DMAR: IOMMU feature pasid inconsistent
[    0.332280] DMAR: IOMMU feature eafs inconsistent
[    0.332280] DMAR: IOMMU feature prs inconsistent
[    0.332281] DMAR: IOMMU feature nest inconsistent
[    0.332281] DMAR: IOMMU feature mts inconsistent
[    0.332281] DMAR: IOMMU feature sc_support inconsistent
[    0.332282] DMAR: IOMMU feature dev_iotlb_support inconsistent
[    0.332283] DMAR: dmar0: Using Queued invalidation
[    0.332285] DMAR: dmar1: Using Queued invalidation
[    0.332306] Trying to unpack rootfs image as initramfs...
[    0.332574] pci 0000:00:02.0: Adding to iommu group 0
[    0.332793] pci 0000:00:00.0: Adding to iommu group 1
[    0.332799] pci 0000:00:04.0: Adding to iommu group 2
[    0.332806] pci 0000:00:08.0: Adding to iommu group 3
[    0.332816] pci 0000:00:12.0: Adding to iommu group 4
[    0.332828] pci 0000:00:14.0: Adding to iommu group 5
[    0.332834] pci 0000:00:14.2: Adding to iommu group 5
[    0.332840] pci 0000:00:14.3: Adding to iommu group 6
[    0.332851] pci 0000:00:15.0: Adding to iommu group 7
[    0.332858] pci 0000:00:15.1: Adding to iommu group 7
[    0.332869] pci 0000:00:16.0: Adding to iommu group 8
[    0.332875] pci 0000:00:16.3: Adding to iommu group 8
[    0.332881] pci 0000:00:17.0: Adding to iommu group 9
[    0.332890] pci 0000:00:19.0: Adding to iommu group 10
[    0.332908] pci 0000:00:1c.0: Adding to iommu group 11
[    0.332919] pci 0000:00:1d.0: Adding to iommu group 12
[    0.332937] pci 0000:00:1f.0: Adding to iommu group 13
[    0.332944] pci 0000:00:1f.3: Adding to iommu group 13
[    0.332951] pci 0000:00:1f.4: Adding to iommu group 13
[    0.332958] pci 0000:00:1f.5: Adding to iommu group 13
[    0.332965] pci 0000:00:1f.6: Adding to iommu group 13
[    0.332974] pci 0000:01:00.0: Adding to iommu group 14
[    0.332981] pci 0000:02:00.0: Adding to iommu group 15
[    0.333847] DMAR: Intel(R) Virtualization Technology for Directed I/O
[    0.333849] PCI-DMA: Using software bounce buffering for IO (SWIOTLB)
[    0.333850] software IO TLB: mapped [mem 0x0000000061fb0000-0x0000000065fb0000] (64MB)
[    0.334450] Initialise system trusted keyrings
[    0.334459] Key type blacklist registered
[    0.334505] workingset: timestamp_bits=36 max_order=22 bucket_order=0
[    0.334516] zbud: loaded
[    0.334697] squashfs: version 4.0 (2009/01/31) Phillip Lougher
[    0.334767] fuse: init (API version 7.39)
[    0.334860] integrity: Platform Keyring initialized
[    0.334863] integrity: Machine keyring initialized
[    0.343183] Key type asymmetric registered
[    0.343186] Asymmetric key parser 'x509' registered
[    0.343208] Block layer SCSI generic (bsg) driver version 0.4 loaded (major 243)
[    0.343267] io scheduler mq-deadline registered
[    0.344825] pcieport 0000:00:1c.0: PME: Signaling with IRQ 122
[    0.344885] pcieport 0000:00:1c.0: AER: enabled with IRQ 122
[    0.344917] pcieport 0000:00:1c.0: DPC: enabled with IRQ 122
[    0.344918] pcieport 0000:00:1c.0: DPC: error containment capabilities: Int Msg #0, RPExt+ PoisonedTLP+ SwTrigger+ RP PIO Log 4, DL_ActiveErr+
[    0.345129] pcieport 0000:00:1d.0: PME: Signaling with IRQ 123
[    0.345168] pcieport 0000:00:1d.0: AER: enabled with IRQ 123
[    0.345214] pcieport 0000:00:1d.0: DPC: enabled with IRQ 123
[    0.345215] pcieport 0000:00:1d.0: DPC: error containment capabilities: Int Msg #0, RPExt+ PoisonedTLP+ SwTrigger+ RP PIO Log 4, DL_ActiveErr+
[    0.345287] shpchp: Standard Hot Plug PCI Controller Driver version: 0.4
[    0.357127] ACPI: AC: AC Adapter [AC] (on-line)
[    0.357206] input: Lid Switch as /devices/LNXSYSTM:00/LNXSYBUS:00/PNP0C0D:00/input/input0
[    0.357240] ACPI: button: Lid Switch [LID0]
[    0.357259] input: Power Button as /devices/LNXSYSTM:00/LNXSYBUS:00/PNP0C0C:00/input/input1
[    0.357278] ACPI: button: Power Button [PBTN]
[    0.357294] input: Sleep Button as /devices/LNXSYSTM:00/LNXSYBUS:00/PNP0C0E:00/input/input2
[    0.357306] ACPI: button: Sleep Button [SBTN]
[    0.360556] thermal LNXTHERM:00: registered as thermal_zone0
[    0.360559] ACPI: thermal: Thermal Zone [THM] (25 C)
[    0.360821] Serial: 8250/16550 driver, 32 ports, IRQ sharing enabled
[    0.363014] serial 0000:00:16.3: enabling device (0001 -> 0003)
[    0.384470] 0000:00:16.3: ttyS4 at I/O 0x30a0 (irq = 19, base_baud = 115200) is a 16550A
[    0.385850] hpet_acpi_add: no address or irqs in _CRS
[    0.385884] Linux agpgart interface v0.103
[    0.387667] tpm_tis MSFT0101:00: 2.0 TPM (device-id 0x0, rev-id 78)
[    0.403823] loop: module loaded
[    0.404192] ACPI: bus type drm_connector registered
[    0.404417] tun: Universal TUN/TAP device driver, 1.6
[    0.404459] PPP generic driver version 2.4.2
[    0.404733] i8042: PNP: PS/2 Controller [PNP0303:PS2K,PNP0f13:PS2M] at 0x60,0x64 irq 1,12
[    0.405569] i8042: Warning: Keylock active
[    0.408783] serio: i8042 KBD port at 0x60,0x64 irq 1
[    0.408788] serio: i8042 AUX port at 0x60,0x64 irq 12
[    0.408935] mousedev: PS/2 mouse device common for all mice
[    0.409201] rtc_cmos 00:02: RTC can wake from S4
[    0.410924] rtc_cmos 00:02: registered as rtc0
[    0.411282] rtc_cmos 00:02: setting system clock to 2025-09-29T06:59:57 UTC (1759129197)
[    0.411358] rtc_cmos 00:02: alarms up to one month, y3k, 242 bytes nvram
[    0.411366] i2c_dev: i2c /dev entries driver
[    0.411590] input: AT Translated Set 2 keyboard as /devices/platform/i8042/serio0/input/input3
[    0.413341] device-mapper: core: CONFIG_IMA_DISABLE_HTABLE is disabled. Duplicate IMA measurements will not be recorded in the IMA log.
[    0.413365] device-mapper: uevent: version 1.0.3
[    0.413458] device-mapper: ioctl: 4.48.0-ioctl (2023-03-01) initialised: dm-devel@redhat.com
[    0.413483] platform eisa.0: Probing EISA bus 0
[    0.413485] platform eisa.0: EISA: Cannot allocate resource for mainboard
[    0.413486] platform eisa.0: Cannot allocate resource for EISA slot 1
[    0.413488] platform eisa.0: Cannot allocate resource for EISA slot 2
[    0.413489] platform eisa.0: Cannot allocate resource for EISA slot 3
[    0.413490] platform eisa.0: Cannot allocate resource for EISA slot 4
[    0.413491] platform eisa.0: Cannot allocate resource for EISA slot 5
[    0.413492] platform eisa.0: Cannot allocate resource for EISA slot 6

lspci   00:15.0 Serial bus controller: Intel Corporation Cannon Point-LP Serial IO I2C Controller #0 (rev 30)
lspci   00:15.1 Serial bus controller: Intel Corporation Cannon Point-LP Serial IO I2C Controller #1 (rev 30)
lspci   00:16.0 Communication controller: Intel Corporation Cannon Point-LP MEI Controller #1 (rev 30)
lspci   00:16.3 Serial controller: Intel Corporation Cannon Point-LP Keyboard and Text (KT) Redirection (rev 30)
lspci   00:17.0 SATA controller: Intel Corporation Cannon Point-LP SATA Controller [AHCI Mode] (rev 30)
lspci   00:19.0 Serial bus controller: Intel Corporation Cannon Point-LP Serial IO I2C Host Controller (rev 30)
lspci   00:1c.0 PCI bridge: Intel Corporation Cannon Point PCI Express Root Port #8 (rev f0)
lspci   00:1d.0 PCI bridge: Intel Corporation Cannon Point-LP PCI Express Root Port #13 (rev f0)


[    0.413493] platform eisa.0: Cannot allocate resource for EISA slot 7
[    0.413494] platform eisa.0: Cannot allocate resource for EISA slot 8
[    0.413495] platform eisa.0: EISA: Detected 0 cards
[    0.413498] intel_pstate: Intel P-state driver initializing
[    0.413758] ACPI: battery: Slot [BAT0] (battery present)
[    0.414007] intel_pstate: HWP enabled
[    0.414128] ledtrig-cpu: registered to indicate activity on CPUs
[    0.414247] [drm] Initialized simpledrm 1.0.0 20200625 for simple-framebuffer.0 on minor 0
[    0.414952] fbcon: Deferring console take-over
[    0.414956] simple-framebuffer simple-framebuffer.0: [drm] fb0: simpledrmdrmfb frame buffer device
[    0.415047] drop_monitor: Initializing network drop monitor service
[    0.415127] NET: Registered PF_INET6 protocol family
[    0.427090] Freeing initrd memory: 76580K
[    0.431262] Segment Routing with IPv6
[    0.431278] In-situ OAM (IOAM) with IPv6
[    0.431311] NET: Registered PF_PACKET protocol family
[    0.431388] Key type dns_resolver registered
[    0.432113] ENERGY_PERF_BIAS: Set to 'normal', was 'performance'
[    0.432398] microcode: Current revision: 0x00000100
[    0.432400] microcode: Updated early from: 0x000000f8
[    0.432681] IPI shorthand broadcast: enabled
[    0.433885] sched_clock: Marking stable (425001050, 8426625)->(482547727, -49120052)
[    0.434071] registered taskstats version 1
[    0.434419] Loading compiled-in X.509 certificates
[    0.434874] Loaded X.509 cert 'Build time autogenerated kernel key: 7cf61def7988476f7ed767e4e413ceacaaa4c73e'
[    0.435205] Loaded X.509 cert 'Canonical Ltd. Live Patch Signing 2025 Kmod: d541cef61dc7e793b7eb7e899970a2eef0b5dc8c'
[    0.435582] Loaded X.509 cert 'Canonical Ltd. Live Patch Signing: 14df34d1a87cf37625abec039ef2bf521249b969'
[    0.435917] Loaded X.509 cert 'Canonical Ltd. Kernel Module Signing: 88f752e560a1e0737e31163a466ad7b70a850c19'
[    0.435918] blacklist: Loading compiled-in revocation X.509 certificates
[    0.435932] Loaded X.509 cert 'Canonical Ltd. Secure Boot Signing: 61482aa2830d0ab2ad5af10b7250da9033ddcef0'
[    0.435942] Loaded X.509 cert 'Canonical Ltd. Secure Boot Signing (2017): 242ade75ac4a15e50d50c84b0d45ff3eae707a03'
[    0.435953] Loaded X.509 cert 'Canonical Ltd. Secure Boot Signing (ESM 2018): 365188c1d374d6b07c3c8f240f8ef722433d6a8b'
[    0.435964] Loaded X.509 cert 'Canonical Ltd. Secure Boot Signing (2019): c0746fd6c5da3ae827864651ad66ae47fe24b3e8'
[    0.435975] Loaded X.509 cert 'Canonical Ltd. Secure Boot Signing (2021 v1): a8d54bbb3825cfb94fa13c9f8a594a195c107b8d'
[    0.435991] Loaded X.509 cert 'Canonical Ltd. Secure Boot Signing (2021 v2): 4cf046892d6fd3c9a5b03f98d845f90851dc6a8c'
[    0.436000] Loaded X.509 cert 'Canonical Ltd. Secure Boot Signing (2021 v3): 100437bb6de6e469b581e61cd66bce3ef4ed53af'
[    0.436010] Loaded X.509 cert 'Canonical Ltd. Secure Boot Signing (Ubuntu Core 2019): c1d57b8f6b743f23ee41f4f7ee292f06eecadfb9'
[    0.438576] Key type .fscrypt registered
[    0.438577] Key type fscrypt-provisioning registered
[    0.438605] Key type trusted registered
[    0.442619] cryptd: max_cpu_qlen set to 1000
[    0.445354] AVX2 version of gcm_enc/dec engaged.
[    0.445390] AES CTR mode by8 optimization enabled
[    0.455081] Key type encrypted registered
[    0.455087] AppArmor: AppArmor sha256 policy hashing enabled
[    0.456420] integrity: Loading X.509 certificate: UEFI:db
[    0.456460] integrity: Loaded X.509 cert 'Dell Inc. UEFI DB: 5ddb772dc880660055ba0bc131886bb630a639e7'
[    0.456461] integrity: Loading X.509 certificate: UEFI:db
[    0.456479] integrity: Loaded X.509 cert 'Microsoft Corporation UEFI CA 2011: 13adbf4309bd82709c8cd54f316ed522988a1bd4'
[    0.456480] integrity: Loading X.509 certificate: UEFI:db
[    0.456491] integrity: Loaded X.509 cert 'Microsoft Windows Production PCA 2011: a92902398e16c49778cd90f99e4f9ae17c55af53'
[    0.457298] integrity: Revoking X.509 certificate: UEFI:dbx
[    0.457318] blacklist: Revoked X.509 cert 'Microsoft Windows PCA 2010: d14fa98a0708cef4241898e500fff3d6791d37bc'
[    0.458093] Loading compiled-in module X.509 certificates
[    0.458460] Loaded X.509 cert 'Build time autogenerated kernel key: 7cf61def7988476f7ed767e4e413ceacaaa4c73e'
[    0.458462] ima: Allocated hash algorithm: sha256
[    0.475704] ima: No architecture policies found
[    0.475715] evm: Initialising EVM extended attributes:
[    0.475716] evm: security.selinux
[    0.475717] evm: security.SMACK64
[    0.475717] evm: security.SMACK64EXEC
[    0.475718] evm: security.SMACK64TRANSMUTE
[    0.475718] evm: security.SMACK64MMAP
[    0.475719] evm: security.apparmor
[    0.475719] evm: security.ima
[    0.475720] evm: security.capability
[    0.475720] evm: HMAC attrs: 0x1
[    0.476079] PM:   Magic number: 9:276:975
[    0.476116] platform PNP0C0E:00: hash matches
[    0.476123] button PNP0C0E:00: hash matches
[    0.479499] RAS: Correctable Errors collector initialized.
[    0.479544] clk: Disabling unused clocks
[    0.480370] Freeing unused decrypted memory: 2028K
[    0.480778] Freeing unused kernel image (initmem) memory: 5008K
[    0.480780] Write protecting the kernel read-only data: 38912k
[    0.481328] Freeing unused kernel image (rodata/data gap) memory: 2000K
[    0.493945] x86/mm: Checked W+X mappings: passed, no W+X pages found.
[    0.493949] Run /init as init process
[    0.493950]   with arguments:
[    0.493951]     /init
[    0.493952]     splash
[    0.493953]   with environment:
[    0.493953]     HOME=/
[    0.493954]     TERM=linux
[    0.493955]     BOOT_IMAGE=/boot/vmlinuz-6.8.0-84-generic
[    0.674447] wmi_bus wmi_bus-PNP0C14:03: WQBC data block query control method not found
[    0.676041] hid: raw HID events driver (C) Jiri Kosina
[    0.680392] intel-lpss 0000:00:15.0: enabling device (0000 -> 0002)
[    0.680729] idma64 idma64.0: Found Intel integrated DMA 64-bit
[    0.681989] ahci 0000:00:17.0: version 3.0
[    0.682314] xhci_hcd 0000:00:14.0: xHCI Host Controller
[    0.682941] ahci 0000:00:17.0: AHCI 0001.0301 32 slots 1 ports 6 Gbps 0x1 impl SATA mode
[    0.682946] ahci 0000:00:17.0: flags: 64bit ncq sntf pm clo only pio slum part deso sadm sds apst 
[    0.683904] xhci_hcd 0000:00:14.0: new USB bus registered, assigned bus number 1
[    0.685033] xhci_hcd 0000:00:14.0: hcc params 0x200077c1 hci version 0x110 quirks 0x0000000000009810
[    0.685842] xhci_hcd 0000:00:14.0: xHCI Host Controller
[    0.685847] xhci_hcd 0000:00:14.0: new USB bus registered, assigned bus number 2
[    0.685851] xhci_hcd 0000:00:14.0: Host supports USB 3.1 Enhanced SuperSpeed
[    0.685896] usb usb1: New USB device found, idVendor=1d6b, idProduct=0002, bcdDevice= 6.08
[    0.685898] scsi host0: ahci
[    0.685899] usb usb1: New USB device strings: Mfr=3, Product=2, SerialNumber=1
[    0.685900] usb usb1: Product: xHCI Host Controller
[    0.685902] usb usb1: Manufacturer: Linux 6.8.0-84-generic xhci-hcd
[    0.685903] usb usb1: SerialNumber: 0000:00:14.0
[    0.686053] ata1: SATA max UDMA/133 abar m2048@0x91346000 port 0x91346100 irq 124 lpm-pol 4
[    0.686224] hub 1-0:1.0: USB hub found
[    0.686250] hub 1-0:1.0: 12 ports detected
[    0.692584] usb usb2: New USB device found, idVendor=1d6b, idProduct=0003, bcdDevice= 6.08
[    0.692587] usb usb2: New USB device strings: Mfr=3, Product=2, SerialNumber=1
[    0.692588] usb usb2: Product: xHCI Host Controller
[    0.692589] usb usb2: Manufacturer: Linux 6.8.0-84-generic xhci-hcd
[    0.692590] usb usb2: SerialNumber: 0000:00:14.0
[    0.692692] hub 2-0:1.0: USB hub found
[    0.692713] hub 2-0:1.0: 6 ports detected
[    0.694516] e1000e: Intel(R) PRO/1000 Network Driver
[    0.694519] e1000e: Copyright(c) 1999 - 2015 Intel Corporation.
[    0.695467] e1000e 0000:00:1f.6: Interrupt Throttling Rate (ints/sec) set to dynamic conservative mode
[    0.695555] rtsx_pci 0000:01:00.0: enabling device (0000 -> 0002)
[    0.772178] e1000e 0000:00:1f.6 0000:00:1f.6 (uninitialized): registered PHC clock
[    0.826364] intel-lpss 0000:00:15.1: enabling device (0000 -> 0002)
[    0.826634] idma64 idma64.1: Found Intel integrated DMA 64-bit
[    0.836520] e1000e 0000:00:1f.6 eth0: (PCI Express:2.5GT/s:Width x1) 98:e7:43:8c:10:2b
[    0.836524] e1000e 0000:00:1f.6 eth0: Intel(R) PRO/1000 Network Connection
[    0.836667] e1000e 0000:00:1f.6 eth0: MAC: 13, PHY: 12, PBA No: FFFFFF-0FF
[    0.838863] intel-lpss 0000:00:19.0: enabling device (0000 -> 0002)
[    0.931434] usb 1-2: new full-speed USB device number 2 using xhci_hcd
[    0.999137] ata1: SATA link down (SStatus 4 SControl 300)
[    1.016076] nvme nvme0: pci function 0000:02:00.0
[    1.018660] e1000e 0000:00:1f.6 eno2: renamed from eth0
[    1.021026] input: DELL08B9:00 0488:121F Mouse as /devices/pci0000:00/0000:00:15.1/i2c_designware.1/i2c-1/i2c-DELL08B9:00/0018:0488:121F.0001/input/input6
[    1.021091] input: DELL08B9:00 0488:121F Touchpad as /devices/pci0000:00/0000:00:15.1/i2c_designware.1/i2c-1/i2c-DELL08B9:00/0018:0488:121F.0001/input/input7
[    1.021136] input: DELL08B9:00 0488:121F as /devices/pci0000:00/0000:00:15.1/i2c_designware.1/i2c-1/i2c-DELL08B9:00/0018:0488:121F.0001/input/input8
[    1.021178] hid-generic 0018:0488:121F.0001: input,hidraw0: I2C HID v1.00 Mouse [DELL08B9:00 0488:121F] on i2c-DELL08B9:00
[    1.027332] nvme nvme0: allocated 61 MiB host memory buffer.
[    1.060420] usb 1-2: New USB device found, idVendor=2717, idProduct=5001, bcdDevice= 1.00
[    1.060425] usb 1-2: New USB device strings: Mfr=1, Product=2, SerialNumber=0
[    1.060426] usb 1-2: Product: MI wireless mouse
[    1.060430] usb 1-2: Manufacturer: GTech
[    1.175486] usb 1-6: new high-speed USB device number 3 using xhci_hcd
[    1.181220] nvme nvme0: 8/0/0 default/read/poll queues
[    1.184752]  nvme0n1: p1 p2
[    1.256053] input: DELL08B9:00 0488:121F Mouse as /devices/pci0000:00/0000:00:15.1/i2c_designware.1/i2c-1/i2c-DELL08B9:00/0018:0488:121F.0001/input/input9
[    1.256202] input: DELL08B9:00 0488:121F Touchpad as /devices/pci0000:00/0000:00:15.1/i2c_designware.1/i2c-1/i2c-DELL08B9:00/0018:0488:121F.0001/input/input10
[    1.256295] input: DELL08B9:00 0488:121F UNKNOWN as /devices/pci0000:00/0000:00:15.1/i2c_designware.1/i2c-1/i2c-DELL08B9:00/0018:0488:121F.0001/input/input11
[    1.256361] hid-multitouch 0018:0488:121F.0001: input,hidraw0: I2C HID v1.00 Mouse [DELL08B9:00 0488:121F] on i2c-DELL08B9:00
[    1.369573] tsc: Refined TSC clocksource calibration: 2111.999 MHz
[    1.369584] clocksource: tsc: mask: 0xffffffffffffffff max_cycles: 0x1e7177b097e, max_idle_ns: 440795281886 ns
[    1.369798] clocksource: Switched to clocksource tsc
[    1.380784] usb 1-6: New USB device found, idVendor=1bcf, idProduct=28c4, bcdDevice=86.16
[    1.380792] usb 1-6: New USB device strings: Mfr=1, Product=2, SerialNumber=3
[    1.380795] usb 1-6: Product: Integrated_Webcam_HD
[    1.380798] usb 1-6: Manufacturer: CN00XMGG8LG00994C0GNA01
[    1.380801] usb 1-6: SerialNumber: 01.00.00
[    1.465915] input: PS/2 Generic Mouse as /devices/platform/i8042/serio1/input/input5
[    1.509669] usb 1-8: new high-speed USB device number 4 using xhci_hcd
[    1.563007] typec port0: bound usb1-port1 (ops connector_ops)
[    1.563021] typec port0: bound usb2-port1 (ops connector_ops)
[    1.639446] usb 1-8: New USB device found, idVendor=0a5c, idProduct=5842, bcdDevice= 1.02
[    1.639451] usb 1-8: New USB device strings: Mfr=1, Product=2, SerialNumber=3
[    1.639453] usb 1-8: Product: 58200
[    1.639454] usb 1-8: Manufacturer: Broadcom Corp
[    1.639455] usb 1-8: SerialNumber: 0123456789ABCD
[    1.755481] usb 1-10: new full-speed USB device number 5 using xhci_hcd
[    1.882953] usb 1-10: New USB device found, idVendor=8087, idProduct=0aaa, bcdDevice= 0.02
[    1.882957] usb 1-10: New USB device strings: Mfr=0, Product=0, SerialNumber=0
[    1.894182] input: GTech MI wireless mouse Mouse as /devices/pci0000:00/0000:00:14.0/usb1/1-2/1-2:1.0/0003:2717:5001.0002/input/input12
[    1.894318] input: GTech MI wireless mouse as /devices/pci0000:00/0000:00:14.0/usb1/1-2/1-2:1.0/0003:2717:5001.0002/input/input13
[    1.894359] input: GTech MI wireless mouse Consumer Control as /devices/pci0000:00/0000:00:14.0/usb1/1-2/1-2:1.0/0003:2717:5001.0002/input/input14
[    1.945777] input: GTech MI wireless mouse System Control as /devices/pci0000:00/0000:00:14.0/usb1/1-2/1-2:1.0/0003:2717:5001.0002/input/input15
[    1.946082] hid-generic 0003:2717:5001.0002: input,hiddev0,hidraw1: USB HID v1.10 Mouse [GTech MI wireless mouse] on usb-0000:00:14.0-2/input0
[    1.946140] usbcore: registered new interface driver usbhid
[    1.946142] usbhid: USB HID core driver
[    2.009470] raid6: avx2x4   gen() 46149 MB/s
[    2.026477] raid6: avx2x2   gen() 43773 MB/s
[    2.043439] raid6: avx2x1   gen() 36465 MB/s
[    2.043439] raid6: using algorithm avx2x4 gen() 46149 MB/s
[    2.060472] raid6: .... xor() 16794 MB/s, rmw enabled
[    2.060473] raid6: using avx2x2 recovery algorithm
[    2.061124] xor: automatically using best checksumming function   avx       
[    2.061687] async_tx: api initialized (async)
[    2.243964] Btrfs loaded, zoned=yes, fsverity=yes
[    2.284531] EXT4-fs (nvme0n1p2): mounted filesystem 3d2260e9-0869-4b87-aec0-368df5c81c84 ro with ordered data mode. Quota mode: none.
[    2.395576] systemd[1]: RTC configured in localtime, applying delta of 120 minutes to system time.
[    2.411550] systemd[1]: Inserted module 'autofs4'
[    2.431925] systemd[1]: systemd 255.4-1ubuntu8.10 running in system mode (+PAM +AUDIT +SELINUX +APPARMOR +IMA +SMACK +SECCOMP +GCRYPT -GNUTLS +OPENSSL +ACL +BLKID +CURL +ELFUTILS +FIDO2 +IDN2 -IDN +IPTC +KMOD +LIBCRYPTSETUP +LIBFDISK +PCRE2 -PWQUALITY +P11KIT +QRENCODE +TPM2 +BZIP2 +LZ4 +XZ +ZLIB +ZSTD -BPF_FRAMEWORK -XKBCOMMON +UTMP +SYSVINIT default-hierarchy=unified)
[    2.431947] systemd[1]: Detected architecture x86-64.
[    2.433748] systemd[1]: Hostname set to <diego-Latitude-5500>.
[    2.874476] systemd[1]: Queued start job for default target graphical.target.
[    2.892131] systemd[1]: Created slice system-modprobe.slice - Slice /system/modprobe.
[    2.892623] systemd[1]: Created slice system-systemd\x2dfsck.slice - Slice /system/systemd-fsck.
[    2.892844] systemd[1]: Created slice user.slice - User and Session Slice.
[    2.892884] systemd[1]: Started systemd-ask-password-wall.path - Forward Password Requests to Wall Directory Watch.
[    2.892995] systemd[1]: Set up automount proc-sys-fs-binfmt_misc.automount - Arbitrary Executable File Formats File System Automount Point.
[    2.893010] systemd[1]: Expecting device dev-disk-by\x2duuid-E5DB\x2dDC08.device - /dev/disk/by-uuid/E5DB-DC08...
[    2.893022] systemd[1]: Reached target integritysetup.target - Local Integrity Protected Volumes.
[    2.893040] systemd[1]: Reached target nss-user-lookup.target - User and Group Name Lookups.
[    2.893048] systemd[1]: Reached target remote-fs.target - Remote File Systems.
[    2.893062] systemd[1]: Reached target slices.target - Slice Units.
[    2.893070] systemd[1]: Reached target snapd.mounts-pre.target - Mounting snaps.
[    2.893093] systemd[1]: Reached target veritysetup.target - Local Verity Protected Volumes.
[    2.893197] systemd[1]: Listening on dm-event.socket - Device-mapper event daemon FIFOs.
[    2.893329] systemd[1]: Listening on lvm2-lvmpolld.socket - LVM2 poll daemon socket.
[    2.893498] systemd[1]: Listening on syslog.socket - Syslog Socket.
[    2.894638] systemd[1]: Listening on systemd-coredump.socket - Process Core Dump Socket.
[    2.894744] systemd[1]: Listening on systemd-fsckd.socket - fsck to fsckd communication Socket.
[    2.894816] systemd[1]: Listening on systemd-initctl.socket - initctl Compatibility Named Pipe.
[    2.894941] systemd[1]: Listening on systemd-journald-dev-log.socket - Journal Socket (/dev/log).
[    2.895074] systemd[1]: Listening on systemd-journald.socket - Journal Socket.
[    2.895105] systemd[1]: systemd-pcrextend.socket - TPM2 PCR Extension (Varlink) was skipped because of an unmet condition check (ConditionSecurity=measured-uki).
[    2.895256] systemd[1]: Listening on systemd-udevd-control.socket - udev Control Socket.
[    2.895330] systemd[1]: Listening on systemd-udevd-kernel.socket - udev Kernel Socket.
[    2.896331] systemd[1]: Mounting dev-hugepages.mount - Huge Pages File System...
[    2.896962] systemd[1]: Mounting dev-mqueue.mount - POSIX Message Queue File System...
[    2.897626] systemd[1]: Mounting sys-kernel-debug.mount - Kernel Debug File System...
[    2.898354] systemd[1]: Mounting sys-kernel-tracing.mount - Kernel Trace File System...
[    2.899975] systemd[1]: Starting systemd-journald.service - Journal Service...
[    2.900068] systemd[1]: Finished blk-availability.service - Availability of block devices.
[    2.901139] systemd[1]: Starting keyboard-setup.service - Set the console keyboard layout...
[    2.902026] systemd[1]: Starting kmod-static-nodes.service - Create List of Static Device Nodes...
[    2.902650] systemd[1]: Starting lvm2-monitor.service - Monitoring of LVM2 mirrors, snapshots etc. using dmeventd or progress polling...
[    2.903216] systemd[1]: Starting modprobe@configfs.service - Load Kernel Module configfs...
[    2.904004] systemd[1]: Starting modprobe@dm_mod.service - Load Kernel Module dm_mod...
[    2.904804] systemd[1]: Starting modprobe@drm.service - Load Kernel Module drm...
[    2.905634] systemd[1]: Starting modprobe@efi_pstore.service - Load Kernel Module efi_pstore...
[    2.906517] systemd[1]: Starting modprobe@fuse.service - Load Kernel Module fuse...
[    2.907534] systemd[1]: Starting modprobe@loop.service - Load Kernel Module loop...
[    2.907712] systemd[1]: systemd-fsck-root.service - File System Check on Root Device was skipped because of an unmet condition check (ConditionPathExists=!/run/initramfs/fsck-root).
[    2.910164] systemd[1]: Starting systemd-modules-load.service - Load Kernel Modules...
[    2.910183] systemd[1]: systemd-pcrmachine.service - TPM2 PCR Machine ID Measurement was skipped because of an unmet condition check (ConditionSecurity=measured-uki).
[    2.910927] systemd[1]: Starting systemd-remount-fs.service - Remount Root and Kernel File Systems...
[    2.910986] systemd[1]: systemd-tpm2-setup-early.service - TPM2 SRK Setup (Early) was skipped because of an unmet condition check (ConditionSecurity=measured-uki).
[    2.911884] systemd[1]: Starting systemd-udev-trigger.service - Coldplug All udev Devices...
[    2.913489] systemd[1]: Mounted dev-hugepages.mount - Huge Pages File System.
[    2.913600] systemd[1]: Mounted dev-mqueue.mount - POSIX Message Queue File System.
[    2.913711] systemd[1]: Mounted sys-kernel-debug.mount - Kernel Debug File System.
[    2.913761] pstore: Using crash dump compression: deflate
[    2.913797] systemd[1]: Mounted sys-kernel-tracing.mount - Kernel Trace File System.
[    2.914513] systemd[1]: Finished kmod-static-nodes.service - Create List of Static Device Nodes.
[    2.915224] systemd[1]: modprobe@configfs.service: Deactivated successfully.
[    2.915603] systemd[1]: Finished modprobe@configfs.service - Load Kernel Module configfs.
[    2.916278] systemd[1]: modprobe@dm_mod.service: Deactivated successfully.
[    2.916377] systemd[1]: Finished modprobe@dm_mod.service - Load Kernel Module dm_mod.
[    2.916619] systemd[1]: modprobe@drm.service: Deactivated successfully.
[    2.916732] systemd[1]: Finished modprobe@drm.service - Load Kernel Module drm.
[    2.917186] systemd[1]: modprobe@fuse.service: Deactivated successfully.
[    2.917578] systemd[1]: Finished modprobe@fuse.service - Load Kernel Module fuse.
[    2.918255] systemd[1]: modprobe@loop.service: Deactivated successfully.
[    2.918870] systemd[1]: Finished modprobe@loop.service - Load Kernel Module loop.
[    2.924191] systemd[1]: Mounting sys-fs-fuse-connections.mount - FUSE Control File System...
[    2.926173] systemd[1]: Mounting sys-kernel-config.mount - Kernel Configuration File System...
[    2.926217] systemd[1]: systemd-repart.service - Repartition Root Disk was skipped because no trigger condition checks were met.
[    2.931303] systemd[1]: Starting systemd-tmpfiles-setup-dev-early.service - Create Static Device Nodes in /dev gracefully...
[    2.938573] systemd-journald[346]: Collecting audit messages is disabled.
[    2.942365] EXT4-fs (nvme0n1p2): re-mounted 3d2260e9-0869-4b87-aec0-368df5c81c84 r/w. Quota mode: none.
[    2.952457] systemd[1]: Finished systemd-remount-fs.service - Remount Root and Kernel File Systems.
[    2.954379] systemd[1]: Mounted sys-fs-fuse-connections.mount - FUSE Control File System.
[    2.955035] systemd[1]: Mounted sys-kernel-config.mount - Kernel Configuration File System.
[    2.961009] pstore: Registered efi_pstore as persistent store backend
[    2.961891] lp: driver loaded but no devices found
[    2.964787] ppdev: user-space parallel port driver
[    2.971555] systemd[1]: Activating swap swapfile.swap - /swapfile...
[    2.974402] systemd[1]: systemd-hwdb-update.service - Rebuild Hardware Database was skipped because of an unmet condition check (ConditionNeedsUpdate=/etc).
[    2.975920] systemd[1]: Starting systemd-random-seed.service - Load/Save OS Random Seed...
[    2.975943] systemd[1]: systemd-tpm2-setup.service - TPM2 SRK Setup was skipped because of an unmet condition check (ConditionSecurity=measured-uki).
[    2.977520] Adding 2097148k swap on /swapfile.  Priority:-2 extents:16 across:197263360k SS
[    2.979526] systemd[1]: Activated swap swapfile.swap - /swapfile.
[    2.979692] systemd[1]: modprobe@efi_pstore.service: Deactivated successfully.
[    2.979791] systemd[1]: Finished modprobe@efi_pstore.service - Load Kernel Module efi_pstore.
[    2.979881] systemd[1]: Reached target swap.target - Swaps.
[    2.979899] systemd[1]: systemd-pstore.service - Platform Persistent Storage Archival was skipped because of an unmet condition check (ConditionDirectoryNotEmpty=/sys/fs/pstore).
[    2.981942] systemd[1]: Finished systemd-tmpfiles-setup-dev-early.service - Create Static Device Nodes in /dev gracefully.
[    2.982106] systemd[1]: systemd-sysusers.service - Create System Users was skipped because no trigger condition checks were met.
[    2.983154] systemd[1]: Starting systemd-tmpfiles-setup-dev.service - Create Static Device Nodes in /dev...
[    2.983373] systemd[1]: Finished keyboard-setup.service - Set the console keyboard layout.
[    2.986884] systemd[1]: Finished systemd-random-seed.service - Load/Save OS Random Seed.
[    2.987388] systemd[1]: Finished systemd-modules-load.service - Load Kernel Modules.
[    2.988750] systemd[1]: Starting systemd-sysctl.service - Apply Kernel Variables...
[    2.989399] systemd[1]: Started systemd-journald.service - Journal Service.
[    3.005761] loop0: detected capacity change from 0 to 130592
[    3.005848] loop1: detected capacity change from 0 to 8
[    3.006220] loop2: detected capacity change from 0 to 130608
[    3.008440] loop3: detected capacity change from 0 to 151384
[    3.009078] loop4: detected capacity change from 0 to 151392
[    3.011416] loop5: detected capacity change from 0 to 716176
[    3.011824] loop6: detected capacity change from 0 to 187776
[    3.012898] loop7: detected capacity change from 0 to 100952
[    3.014443] loop8: detected capacity change from 0 to 103976
[    3.017461] loop10: detected capacity change from 0 to 388376
[    3.017741] loop9: detected capacity change from 0 to 380048
[    3.019362] loop11: detected capacity change from 0 to 32680
[    3.023390] systemd-journald[346]: Received client request to flush runtime journal.
[    3.031957] systemd-journald[346]: /var/log/journal/c780e0c0b17f43c2a9e45452ddded374/system.journal: Journal file uses a different sequence number ID, rotating.
[    3.031964] systemd-journald[346]: Rotating system journal.
[    3.267033] input: Intel HID events as /devices/platform/INT33D5:00/input/input17
[    3.269295] intel-hid INT33D5:00: platform supports 5 button array
[    3.272316] input: Intel HID 5 button array as /devices/platform/INT33D5:00/input/input18
[    3.291101] Consider using thermal netlink events interface
[    3.328926] intel_pmc_core INT33A1:00:  initialized
[    3.379016] i801_smbus 0000:00:1f.4: SPD Write Disable is set
[    3.379059] i801_smbus 0000:00:1f.4: SMBus using PCI interrupt
[    3.379693] cfg80211: Loading compiled-in X.509 certificates for regulatory database
[    3.379960] Loaded X.509 cert 'sforshee: 00b28ddf47aef9cea7'
[    3.380143] Loaded X.509 cert 'wens: 61c038651aabdcf94bd0ac7ff06c7248db18c600'
[    3.380468] mc: Linux media interface: v0.10
[    3.380726] mei_me 0000:00:16.0: enabling device (0000 -> 0002)
[    3.483734] i801_smbus 0000:00:1f.4: Accelerometer lis3lv02d is present on SMBus but its address is unknown, skipping registration
[    3.483750] i2c i2c-3: 2/2 memory slots populated (from DMI)
[    3.484375] i2c i2c-3: Successfully instantiated SPD at 0x50
[    3.492942] RAPL PMU: API unit is 2^-32 Joules, 5 fixed counters, 655360 ms ovfl timer
[    3.492947] RAPL PMU: hw unit of domain pp0-core 2^-14 Joules
[    3.492948] RAPL PMU: hw unit of domain package 2^-14 Joules
[    3.492950] RAPL PMU: hw unit of domain dram 2^-14 Joules
[    3.492951] RAPL PMU: hw unit of domain pp1-gpu 2^-14 Joules
[    3.492952] RAPL PMU: hw unit of domain psys 2^-14 Joules
[    3.508566] videodev: Linux video capture interface: v2.00
[    3.509681] Intel(R) Wireless WiFi driver for Linux
[    3.510129] iwlwifi 0000:00:14.3: enabling device (0000 -> 0002)
[    3.511358] iwlwifi 0000:00:14.3: Detected crf-id 0x2816, cnv-id 0x1000100 wfpm id 0x80000000
[    3.511369] iwlwifi 0000:00:14.3: PCI dev 9df0/4030, rev=0x312, rfid=0x105110
[    3.523114] iwlwifi 0000:00:14.3: WRT: Overriding region id 0
[    3.523283] iwlwifi 0000:00:14.3: WRT: Overriding region id 1
[    3.523285] iwlwifi 0000:00:14.3: WRT: Overriding region id 2
[    3.523286] iwlwifi 0000:00:14.3: WRT: Overriding region id 3
[    3.523287] iwlwifi 0000:00:14.3: WRT: Overriding region id 4
[    3.523288] iwlwifi 0000:00:14.3: WRT: Overriding region id 6
[    3.523289] iwlwifi 0000:00:14.3: WRT: Overriding region id 8
[    3.523290] iwlwifi 0000:00:14.3: WRT: Overriding region id 9
[    3.523291] iwlwifi 0000:00:14.3: WRT: Overriding region id 10
[    3.523292] iwlwifi 0000:00:14.3: WRT: Overriding region id 11
[    3.523293] iwlwifi 0000:00:14.3: WRT: Overriding region id 15
[    3.523294] iwlwifi 0000:00:14.3: WRT: Overriding region id 16
[    3.523295] iwlwifi 0000:00:14.3: WRT: Overriding region id 18
[    3.523296] iwlwifi 0000:00:14.3: WRT: Overriding region id 19
[    3.523297] iwlwifi 0000:00:14.3: WRT: Overriding region id 20
[    3.523298] iwlwifi 0000:00:14.3: WRT: Overriding region id 21
[    3.523300] iwlwifi 0000:00:14.3: WRT: Overriding region id 28
[    3.523766] iwlwifi 0000:00:14.3: loaded firmware version 46.7e3e4b69.0 9000-pu-b0-jf-b0-46.ucode op_mode iwlmvm
[    3.551242] Bluetooth: Core ver 2.22
[    3.552062] NET: Registered PF_BLUETOOTH protocol family
[    3.552064] Bluetooth: HCI device and connection manager initialized
[    3.552068] Bluetooth: HCI socket layer initialized
[    3.552071] Bluetooth: L2CAP socket layer initialized
[    3.552075] Bluetooth: SCO socket layer initialized
[    3.561965] input: Dell WMI hotkeys as /devices/platform/PNP0C14:03/wmi_bus/wmi_bus-PNP0C14:03/9DBB5994-A997-11DA-B012-B622A1EF5492/input/input19
[    3.619504] audit: type=1400 audit(1759122000.706:2): apparmor="STATUS" operation="profile_load" profile="unconfined" name="Discord" pid=611 comm="apparmor_parser"
[    3.619509] audit: type=1400 audit(1759122000.706:3): apparmor="STATUS" operation="profile_load" profile="unconfined" name="busybox" pid=617 comm="apparmor_parser"
[    3.619511] audit: type=1400 audit(1759122000.706:4): apparmor="STATUS" operation="profile_load" profile="unconfined" name=4D6F6E676F444220436F6D70617373 pid=612 comm="apparmor_parser"
[    3.619512] audit: type=1400 audit(1759122000.706:5): apparmor="STATUS" operation="profile_load" profile="unconfined" name="1password" pid=610 comm="apparmor_parser"
[    3.619513] audit: type=1400 audit(1759122000.706:6): apparmor="STATUS" operation="profile_load" profile="unconfined" name="QtWebEngineProcess" pid=613 comm="apparmor_parser"
[    3.619514] audit: type=1400 audit(1759122000.706:7): apparmor="STATUS" operation="profile_load" profile="unconfined" name="brave" pid=615 comm="apparmor_parser"
[    3.619573] audit: type=1400 audit(1759122000.707:8): apparmor="STATUS" operation="profile_load" profile="unconfined" name="buildah" pid=616 comm="apparmor_parser"
[    3.620978] audit: type=1400 audit(1759122000.708:9): apparmor="STATUS" operation="profile_load" profile="unconfined" name="ch-checkns" pid=619 comm="apparmor_parser"
[    3.621641] audit: type=1400 audit(1759122000.708:10): apparmor="STATUS" operation="profile_load" profile="unconfined" name="ch-run" pid=620 comm="apparmor_parser"
[    3.706582] ee1004 3-0050: 512 byte EE1004-compliant SPD EEPROM, read-only
[    3.708157] Bluetooth: hci0: Bootloader revision 0.1 build 42 week 52 2015

lspci   00:1f.0 ISA bridge: Intel Corporation Cannon Point-LP LPC Controller (rev 30)
lspci   00:1f.3 Audio device: Intel Corporation Cannon Point-LP High Definition Audio Controller (rev 30)
lspci   00:1f.4 SMBus: Intel Corporation Cannon Point-LP SMBus Controller (rev 30)
lspci   00:1f.5 Serial bus controller: Intel Corporation Cannon Point-LP SPI Controller (rev 30)
lspci   00:1f.6 Ethernet controller: Intel Corporation Ethernet Connection (6) I219-LM (rev 30)
lspci   01:00.0 Unassigned class [ff00]: Realtek Semiconductor Co., Ltd. RTS525A PCI Express Card Reader (rev 01)
lspci   02:00.0 Non-Volatile memory controller: KIOXIA Corporation NVMe SSD Controller BG4 (DRAM-less)

[    3.709172] Bluetooth: hci0: Device revision is 2
[    3.709175] Bluetooth: hci0: Secure boot is enabled
[    3.709176] Bluetooth: hci0: OTP lock is enabled
[    3.709178] Bluetooth: hci0: API lock is enabled
[    3.709179] Bluetooth: hci0: Debug lock is disabled
[    3.709180] Bluetooth: hci0: Minimum firmware build 1 week 10 2014
[    3.710713] usbcore: registered new interface driver btusb
[    3.711864] intel_rapl_common: Found RAPL domain package
[    3.711868] intel_rapl_common: Found RAPL domain core
[    3.711869] intel_rapl_common: Found RAPL domain uncore
[    3.711871] intel_rapl_common: Found RAPL domain dram
[    3.711872] intel_rapl_common: Found RAPL domain psys
[    3.712265] usb 1-6: Found UVC 1.50 device Integrated_Webcam_HD (1bcf:28c4)
[    3.715748] Bluetooth: hci0: Found device firmware: intel/ibt-17-16-1.sfi
[    3.715874] Bluetooth: hci0: Boot Address: 0x40800
[    3.715876] Bluetooth: hci0: Firmware Version: 155-35.23
[    3.723842] proc_thermal 0000:00:04.0: enabling device (0000 -> 0002)
[    3.745548] Creating 1 MTD partitions on "0000:00:1f.5":
[    3.745558] 0x000000000000-0x000002000000 : "BIOS"
[    3.785727] usb 1-6: Found UVC 1.50 device Integrated_Webcam_HD (1bcf:28c4)
[    3.789332] intel_rapl_common: Found RAPL domain package
[    3.789335] intel_rapl_common: Found RAPL domain dram
[    3.797404] iwlwifi 0000:00:14.3: Detected Intel(R) Wireless-AC 9560 160MHz, REV=0x312
[    3.797481] thermal thermal_zone7: failed to read out thermal zone (-61)
[    3.804199] usbcore: registered new interface driver uvcvideo
[    3.853937] iwlwifi 0000:00:14.3: base HW address: 4c:1d:96:20:fb:2f, OTP minor version: 0x4
[    4.271553] ieee80211 phy0: Selected rate control algorithm 'iwl-mvm-rs'
[    4.273917] dell_laptop: Using i8042 filter function for receiving events
[    4.275866] i915 0000:00:02.0: [drm] VT-d active for gfx access
[    4.279271] thermal thermal_zone7: failed to read out thermal zone (-61)
[    4.280089] snd_hda_intel 0000:00:1f.3: DSP detected with PCI class/subclass/prog-if info 0x040380
[    4.280343] snd_hda_intel 0000:00:1f.3: enabling device (0000 -> 0002)
[    4.282820] intel_tcc_cooling: Programmable TCC Offset detected
[    4.288750] i915 0000:00:02.0: vgaarb: deactivate vga console
[    4.288799] i915 0000:00:02.0: [drm] Using Transparent Hugepages
[    4.293459] i915 0000:00:02.0: vgaarb: VGA decodes changed: olddecodes=io+mem,decodes=io+mem:owns=io+mem
[    4.297409] i915 0000:00:02.0: [drm] Finished loading DMC firmware i915/kbl_dmc_ver1_04.bin (v1.4)
[    4.300410] mei_hdcp 0000:00:16.0-b638ab7e-94e2-4ea2-a552-d1c54b627f04: bound 0000:00:02.0 (ops i915_hdcp_ops [i915])
[    4.305982] snd_hda_intel 0000:00:1f.3: DSP detected with PCI class/subclass/prog-if info 0x040380
[    4.321002] iwlwifi 0000:00:14.3 wlo1: renamed from wlan0
[    4.340436] i915 0000:00:02.0: [drm] [ENCODER:102:DDI B/PHY B] is disabled/in DSI mode with an ungated DDI clock, gate it
[    4.341078] i915 0000:00:02.0: [drm] [ENCODER:111:DDI C/PHY C] is disabled/in DSI mode with an ungated DDI clock, gate it
[    4.388170] sof-audio-pci-intel-cnl 0000:00:1f.3: DSP detected with PCI class/subclass/prog-if info 0x040380
[    4.653223] Bluetooth: BNEP (Ethernet Emulation) ver 1.3
[    4.653228] Bluetooth: BNEP filters: protocol multicast
[    4.653232] Bluetooth: BNEP socket layer initialized
[    4.926544] block nvme0n1: No UUID available providing old NGUID
[    5.016696] NET: Registered PF_QIPCRTR protocol family
[    5.331854] Bluetooth: hci0: Waiting for firmware download to complete
[    5.332127] Bluetooth: hci0: Firmware loaded in 1578489 usecs
[    5.332164] Bluetooth: hci0: Waiting for device to boot
[    5.346133] Bluetooth: hci0: Device booted in 13656 usecs
[    5.349889] Bluetooth: hci0: Found Intel DDC parameters: intel/ibt-17-16-1.ddc
[    5.352140] Bluetooth: hci0: Applying Intel DDC parameters completed
[    5.353137] Bluetooth: hci0: Firmware revision 0.1 build 155 week 35 2023
[    5.355142] Bluetooth: hci0: HCI LE Coded PHY feature bit is set, but its usage is not supported.
[    5.412211] Bluetooth: MGMT ver 1.22
[    5.414263] NET: Registered PF_ALG protocol family
[    5.527971] vboxdrv: loading out-of-tree module taints kernel.
[    5.527977] vboxdrv: module verification failed: signature and/or required key missing - tainting kernel
[    5.539873] vboxdrv: Found 8 processor cores/threads
[    5.555779] vboxdrv: TSC mode is Invariant, tentative frequency 2111999377 Hz
[    5.555781] vboxdrv: Successfully loaded version 7.1.6 r167084 (interface 0x00340001)
[    5.555813] snd_hda_intel 0000:00:1f.3: DSP detected with PCI class/subclass/prog-if info 0x040380
[    5.556182] sof-audio-pci-intel-cnl 0000:00:1f.3: DSP detected with PCI class/subclass/prog-if info 0x040380
[    5.657052] [drm] Initialized i915 1.6.0 20230929 for 0000:00:02.0 on minor 1
[    5.665557] ACPI: video: Video Device [GFX0] (multi-head: yes  rom: no  post: no)
[    5.666150] input: Video Bus as /devices/LNXSYSTM:00/LNXSYBUS:00/PNP0A08:00/LNXVIDEO:00/input/input20
[    5.666313] snd_hda_intel 0000:00:1f.3: DSP detected with PCI class/subclass/prog-if info 0x040380
[    5.666384] i915 display info: display version: 9
[    5.666387] i915 display info: cursor_needs_physical: no
[    5.666388] i915 display info: has_cdclk_crawl: no
[    5.666389] i915 display info: has_cdclk_squash: no
[    5.666390] i915 display info: has_ddi: yes
[    5.666391] i915 display info: has_dp_mst: yes
[    5.666391] i915 display info: has_dsb: no
[    5.666392] i915 display info: has_fpga_dbg: yes
[    5.666393] i915 display info: has_gmch: no
[    5.666394] i915 display info: has_hotplug: yes
[    5.666395] i915 display info: has_hti: no
[    5.666395] i915 display info: has_ipc: yes
[    5.666396] i915 display info: has_overlay: no
[    5.666397] i915 display info: has_psr: yes
[    5.666398] i915 display info: has_psr_hw_tracking: yes
[    5.666399] i915 display info: overlay_needs_physical: no
[    5.666400] i915 display info: supports_tv: no
[    5.666401] i915 display info: has_hdcp: yes
[    5.666401] i915 display info: has_dmc: yes
[    5.666402] i915 display info: has_dsc: no
[    5.666403] i915 display info: rawclk rate: 24000 kHz
[    5.688010] fbcon: i915drmfb (fb0) is primary device
[    5.688013] fbcon: Deferring console take-over
[    5.688016] i915 0000:00:02.0: [drm] fb0: i915drmfb frame buffer device
[    5.687896] snd_hda_intel 0000:00:1f.3: bound 0000:00:02.0 (ops i915_audio_component_bind_ops [i915])
[    5.760073] VBoxNetFlt: Successfully started.
[    5.761940] VBoxNetAdp: Successfully started.
[    5.769070] snd_hda_codec_realtek hdaudioC0D0: autoconfig for ALC3204: line_outs=1 (0x14/0x0/0x0/0x0/0x0) type:speaker
[    5.769074] snd_hda_codec_realtek hdaudioC0D0:    speaker_outs=0 (0x0/0x0/0x0/0x0/0x0)
[    5.769076] snd_hda_codec_realtek hdaudioC0D0:    hp_outs=1 (0x21/0x0/0x0/0x0/0x0)
[    5.769077] snd_hda_codec_realtek hdaudioC0D0:    mono: mono_out=0x0
[    5.769078] snd_hda_codec_realtek hdaudioC0D0:    inputs:
[    5.769079] snd_hda_codec_realtek hdaudioC0D0:      Internal Mic=0x12
[    5.769081] snd_hda_codec_realtek hdaudioC0D0:      Headset Mic=0x19
[    5.769082] snd_hda_codec_realtek hdaudioC0D0:      Headphone Mic=0x1a
[    5.977966] input: HDA Intel PCH Headphone Mic as /devices/pci0000:00/0000:00:1f.3/sound/card0/input21
[    5.978005] input: HDA Intel PCH HDMI/DP,pcm=3 as /devices/pci0000:00/0000:00:1f.3/sound/card0/input22
[    5.978048] input: HDA Intel PCH HDMI/DP,pcm=7 as /devices/pci0000:00/0000:00:1f.3/sound/card0/input23
[    5.978083] input: HDA Intel PCH HDMI/DP,pcm=8 as /devices/pci0000:00/0000:00:1f.3/sound/card0/input24
[    6.020473] iwlwifi 0000:00:14.3: Registered PHC clock: iwlwifi-PTP, with index: 1
[    6.170111] loop12: detected capacity change from 0 to 8
[    6.308823] kauditd_printk_skb: 126 callbacks suppressed
[    6.308826] audit: type=1400 audit(1759122003.396:137): apparmor="DENIED" operation="capable" class="cap" profile="/usr/sbin/cupsd" pid=1496 comm="cupsd" capability=12  capname="net_admin"
[    7.256854] Bluetooth: RFCOMM TTY layer initialized
[    7.256874] Bluetooth: RFCOMM socket layer initialized
[    7.256877] Bluetooth: RFCOMM ver 1.11
[    8.487667] wlo1: 80 MHz not supported, disabling VHT
[    8.494702] wlo1: authenticate with 30:bd:13:63:2c:91 (local address=4c:1d:96:20:fb:2f)
[    8.495719] wlo1: send auth to 30:bd:13:63:2c:91 (try 1/3)
[    8.538252] wlo1: authenticated
[    8.539602] wlo1: associate with 30:bd:13:63:2c:91 (try 1/3)
[    8.546620] wlo1: RX AssocResp from 30:bd:13:63:2c:91 (capab=0x1c11 status=0 aid=17)
[    8.551207] wlo1: associated
[    8.586701] wlo1: Limiting TX power to 30 (30 - 0) dBm as advertised by 30:bd:13:63:2c:91
[   33.919864] systemd-journald[346]: /var/log/journal/c780e0c0b17f43c2a9e45452ddded374/user-1000.journal: Journal file uses a different sequence number ID, rotating.
[   45.386443] warning: `ThreadPoolForeg' uses wireless extensions which will stop working for Wi-Fi 7 hardware; use nl80211
[ 1876.399908] i915 0000:00:02.0: Using 39-bit DMA addresses
[ 3910.079834] iwlwifi 0000:00:14.3: Microcode SW error detected.  Restarting 0x2000000.
[ 3910.079915] iwlwifi 0000:00:14.3: Start IWL Error Log Dump:
[ 3910.079916] iwlwifi 0000:00:14.3: Transport status: 0x0000004A, valid: 6
[ 3910.079918] iwlwifi 0000:00:14.3: Loaded firmware version: 46.7e3e4b69.0 9000-pu-b0-jf-b0-46.ucode
[ 3910.079919] iwlwifi 0000:00:14.3: 0x00001043 | ADVANCED_SYSASSERT          
[ 3910.079921] iwlwifi 0000:00:14.3: 0x00A022F3 | trm_hw_status0
[ 3910.079922] iwlwifi 0000:00:14.3: 0x00000000 | trm_hw_status1
[ 3910.079923] iwlwifi 0000:00:14.3: 0x004897FA | branchlink2
[ 3910.079924] iwlwifi 0000:00:14.3: 0x0047905E | interruptlink1
[ 3910.079925] iwlwifi 0000:00:14.3: 0x00000000 | interruptlink2
[ 3910.079926] iwlwifi 0000:00:14.3: 0x00000044 | data1
[ 3910.079927] iwlwifi 0000:00:14.3: 0x00000510 | data2
[ 3910.079928] iwlwifi 0000:00:14.3: 0xFFFFFFFC | data3
[ 3910.079929] iwlwifi 0000:00:14.3: 0x3540F1DC | beacon time
[ 3910.079930] iwlwifi 0000:00:14.3: 0x97853E2C | tsf low
[ 3910.079931] iwlwifi 0000:00:14.3: 0x00000020 | tsf hi
[ 3910.079932] iwlwifi 0000:00:14.3: 0x0000F179 | time gp1
[ 3910.079934] iwlwifi 0000:00:14.3: 0xE8B361B4 | time gp2
[ 3910.079935] iwlwifi 0000:00:14.3: 0x00000001 | uCode revision type
[ 3910.079936] iwlwifi 0000:00:14.3: 0x0000002E | uCode version major
[ 3910.079937] iwlwifi 0000:00:14.3: 0x7E3E4B69 | uCode version minor
[ 3910.079938] iwlwifi 0000:00:14.3: 0x00000312 | hw version
[ 3910.079939] iwlwifi 0000:00:14.3: 0x00489002 | board version
[ 3910.079940] iwlwifi 0000:00:14.3: 0x0AA1001C | hcmd
[ 3910.079941] iwlwifi 0000:00:14.3: 0x26F23002 | isr0
[ 3910.079942] iwlwifi 0000:00:14.3: 0x11C46000 | isr1
[ 3910.079943] iwlwifi 0000:00:14.3: 0x08001912 | isr2
[ 3910.079944] iwlwifi 0000:00:14.3: 0x4041FDC3 | isr3
[ 3910.079945] iwlwifi 0000:00:14.3: 0x00000000 | isr4
[ 3910.079945] iwlwifi 0000:00:14.3: 0x0AA1001C | last cmd Id
[ 3910.079946] iwlwifi 0000:00:14.3: 0x0001B568 | wait_event
[ 3910.079948] iwlwifi 0000:00:14.3: 0x000000C4 | l2p_control
[ 3910.079949] iwlwifi 0000:00:14.3: 0x00001C20 | l2p_duration
[ 3910.079950] iwlwifi 0000:00:14.3: 0x00000007 | l2p_mhvalid
[ 3910.079950] iwlwifi 0000:00:14.3: 0x00000081 | l2p_addr_match
[ 3910.079951] iwlwifi 0000:00:14.3: 0x0000000D | lmpm_pmg_sel
[ 3910.079952] iwlwifi 0000:00:14.3: 0x28021135 | timestamp
[ 3910.079953] iwlwifi 0000:00:14.3: 0x0000B8E0 | flow_handler
[ 3910.079989] iwlwifi 0000:00:14.3: Start IWL Error Log Dump:
[ 3910.079990] iwlwifi 0000:00:14.3: Transport status: 0x0000004A, valid: 7
[ 3910.079991] iwlwifi 0000:00:14.3: 0x20000070 | NMI_INTERRUPT_LMAC_FATAL
[ 3910.079993] iwlwifi 0000:00:14.3: 0x00000000 | umac branchlink1
[ 3910.079994] iwlwifi 0000:00:14.3: 0xC0088A3A | umac branchlink2
[ 3910.079995] iwlwifi 0000:00:14.3: 0xC0084458 | umac interruptlink1
[ 3910.079996] iwlwifi 0000:00:14.3: 0xC0084458 | umac interruptlink2
[ 3910.079997] iwlwifi 0000:00:14.3: 0x00000800 | umac data1
[ 3910.079998] iwlwifi 0000:00:14.3: 0xC0084458 | umac data2
[ 3910.079999] iwlwifi 0000:00:14.3: 0xDEADBEEF | umac data3
[ 3910.080000] iwlwifi 0000:00:14.3: 0x0000002E | umac major
[ 3910.080001] iwlwifi 0000:00:14.3: 0x7E3E4B69 | umac minor
[ 3910.080002] iwlwifi 0000:00:14.3: 0xE8B361CC | frame pointer
[ 3910.080003] iwlwifi 0000:00:14.3: 0xC088627C | stack pointer
[ 3910.080004] iwlwifi 0000:00:14.3: 0x008F019C | last host cmd
[ 3910.080005] iwlwifi 0000:00:14.3: 0x00000000 | isr status reg
[ 3910.080039] iwlwifi 0000:00:14.3: IML/ROM dump:
[ 3910.080039] iwlwifi 0000:00:14.3: 0x00002324 | IML/ROM error/state
[ 3910.080073] iwlwifi 0000:00:14.3: 0x00000003 | IML/ROM data1
[ 3910.080090] iwlwifi 0000:00:14.3: Fseq Registers:
[ 3910.080098] iwlwifi 0000:00:14.3: 0x713B868F | FSEQ_ERROR_CODE
[ 3910.080106] iwlwifi 0000:00:14.3: 0x00000000 | FSEQ_TOP_INIT_VERSION
[ 3910.080115] iwlwifi 0000:00:14.3: 0xB92988F3 | FSEQ_CNVIO_INIT_VERSION
[ 3910.080123] iwlwifi 0000:00:14.3: 0x0000A384 | FSEQ_OTP_VERSION
[ 3910.080132] iwlwifi 0000:00:14.3: 0x4279E00C | FSEQ_TOP_CONTENT_VERSION
[ 3910.080140] iwlwifi 0000:00:14.3: 0x86D3FEF9 | FSEQ_ALIVE_TOKEN
[ 3910.080148] iwlwifi 0000:00:14.3: 0x7C42E014 | FSEQ_CNVI_ID
[ 3910.080157] iwlwifi 0000:00:14.3: 0xEF76C8FE | FSEQ_CNVR_ID
[ 3910.080165] iwlwifi 0000:00:14.3: 0x01000100 | CNVI_AUX_MISC_CHIP
[ 3910.080175] iwlwifi 0000:00:14.3: 0x01300202 | CNVR_AUX_MISC_CHIP
[ 3910.080186] iwlwifi 0000:00:14.3: 0x0000485B | CNVR_SCU_SD_REGS_SD_REG_DIG_DCDC_VTRIM
[ 3910.080239] iwlwifi 0000:00:14.3: 0xA5A5A5A2 | CNVR_SCU_SD_REGS_SD_REG_ACTIVE_VDIG_MIRROR
[ 3910.080272] iwlwifi 0000:00:14.3: 0x9825C770 | FSEQ_PREV_CNVIO_INIT_VERSION
[ 3910.080290] iwlwifi 0000:00:14.3: 0x4DCC8A57 | FSEQ_WIFI_FSEQ_VERSION
[ 3910.080298] iwlwifi 0000:00:14.3: 0x585FB31F | FSEQ_BT_FSEQ_VERSION
[ 3910.080307] iwlwifi 0000:00:14.3: 0xE8F129EC | FSEQ_CLASS_TP_VERSION
[ 3910.080316] iwlwifi 0000:00:14.3: WRT: Collecting data: ini trigger 4 fired (delay=0ms).
[ 3910.080321] ieee80211 phy0: Hardware restart was requested
[ 4510.152743] iwlwifi 0000:00:14.3: Microcode SW error detected.  Restarting 0x12000000.
[ 4510.152806] iwlwifi 0000:00:14.3: Start IWL Error Log Dump:
[ 4510.152807] iwlwifi 0000:00:14.3: Transport status: 0x0000004A, valid: 6
[ 4510.152809] iwlwifi 0000:00:14.3: Loaded firmware version: 46.7e3e4b69.0 9000-pu-b0-jf-b0-46.ucode
[ 4510.152810] iwlwifi 0000:00:14.3: 0x00000EDC | ADVANCED_SYSASSERT          
[ 4510.152812] iwlwifi 0000:00:14.3: 0x0000A200 | trm_hw_status0
[ 4510.152813] iwlwifi 0000:00:14.3: 0x00000000 | trm_hw_status1
[ 4510.152814] iwlwifi 0000:00:14.3: 0x004897FA | branchlink2
[ 4510.152815] iwlwifi 0000:00:14.3: 0x0047905E | interruptlink1
[ 4510.152816] iwlwifi 0000:00:14.3: 0x00000000 | interruptlink2
[ 4510.152817] iwlwifi 0000:00:14.3: 0x0A07001C | data1
[ 4510.152818] iwlwifi 0000:00:14.3: 0x314403FA | data2
[ 4510.152819] iwlwifi 0000:00:14.3: 0x00001078 | data3
[ 4510.152820] iwlwifi 0000:00:14.3: 0xB800D99D | beacon time
[ 4510.152821] iwlwifi 0000:00:14.3: 0xBB499666 | tsf low
[ 4510.152822] iwlwifi 0000:00:14.3: 0x00000020 | tsf hi
[ 4510.152823] iwlwifi 0000:00:14.3: 0x00000000 | time gp1
[ 4510.152824] iwlwifi 0000:00:14.3: 0x23BD07A5 | time gp2
[ 4510.152825] iwlwifi 0000:00:14.3: 0x00000001 | uCode revision type
[ 4510.152827] iwlwifi 0000:00:14.3: 0x0000002E | uCode version major
[ 4510.152828] iwlwifi 0000:00:14.3: 0x7E3E4B69 | uCode version minor
[ 4510.152829] iwlwifi 0000:00:14.3: 0x00000312 | hw version
[ 4510.152830] iwlwifi 0000:00:14.3: 0x00489002 | board version
[ 4510.152831] iwlwifi 0000:00:14.3: 0x314403FA | hcmd
[ 4510.152832] iwlwifi 0000:00:14.3: 0x24022002 | isr0
[ 4510.152833] iwlwifi 0000:00:14.3: 0x00000000 | isr1
[ 4510.152834] iwlwifi 0000:00:14.3: 0x08001802 | isr2
[ 4510.152835] iwlwifi 0000:00:14.3: 0x00417CC0 | isr3
[ 4510.152835] iwlwifi 0000:00:14.3: 0x00000000 | isr4
[ 4510.152836] iwlwifi 0000:00:14.3: 0x0A06001C | last cmd Id
[ 4510.152837] iwlwifi 0000:00:14.3: 0x0001B8B6 | wait_event
[ 4510.152838] iwlwifi 0000:00:14.3: 0x000000D4 | l2p_control
[ 4510.152839] iwlwifi 0000:00:14.3: 0x00018034 | l2p_duration
[ 4510.152840] iwlwifi 0000:00:14.3: 0x00000007 | l2p_mhvalid
[ 4510.152841] iwlwifi 0000:00:14.3: 0x00000081 | l2p_addr_match
[ 4510.152843] iwlwifi 0000:00:14.3: 0x0000000D | lmpm_pmg_sel
[ 4510.152843] iwlwifi 0000:00:14.3: 0x28021135 | timestamp
[ 4510.152844] iwlwifi 0000:00:14.3: 0x00005074 | flow_handler
[ 4510.152886] iwlwifi 0000:00:14.3: Start IWL Error Log Dump:
[ 4510.152887] iwlwifi 0000:00:14.3: Transport status: 0x0000004A, valid: 7
[ 4510.152889] iwlwifi 0000:00:14.3: 0x20000070 | NMI_INTERRUPT_LMAC_FATAL
[ 4510.152890] iwlwifi 0000:00:14.3: 0x00000000 | umac branchlink1
[ 4510.152891] iwlwifi 0000:00:14.3: 0xC0088A3A | umac branchlink2
[ 4510.152892] iwlwifi 0000:00:14.3: 0xC0084458 | umac interruptlink1
[ 4510.152893] iwlwifi 0000:00:14.3: 0xC0084458 | umac interruptlink2
[ 4510.152894] iwlwifi 0000:00:14.3: 0x00000800 | umac data1
[ 4510.152895] iwlwifi 0000:00:14.3: 0xC0084458 | umac data2
[ 4510.152896] iwlwifi 0000:00:14.3: 0xDEADBEEF | umac data3
[ 4510.152897] iwlwifi 0000:00:14.3: 0x0000002E | umac major
[ 4510.152898] iwlwifi 0000:00:14.3: 0x7E3E4B69 | umac minor
[ 4510.152899] iwlwifi 0000:00:14.3: 0x23BD07CA | frame pointer
[ 4510.152900] iwlwifi 0000:00:14.3: 0xC088627C | stack pointer
[ 4510.152901] iwlwifi 0000:00:14.3: 0x0027019C | last host cmd
[ 4510.152902] iwlwifi 0000:00:14.3: 0x00000000 | isr status reg
[ 4510.152920] iwlwifi 0000:00:14.3: IML/ROM dump:
[ 4510.152921] iwlwifi 0000:00:14.3: 0x00002324 | IML/ROM error/state
[ 4510.152940] iwlwifi 0000:00:14.3: 0x00000003 | IML/ROM data1
[ 4510.152957] iwlwifi 0000:00:14.3: Fseq Registers:
[ 4510.152965] iwlwifi 0000:00:14.3: 0x713B868F | FSEQ_ERROR_CODE
[ 4510.152973] iwlwifi 0000:00:14.3: 0x00000000 | FSEQ_TOP_INIT_VERSION
[ 4510.152982] iwlwifi 0000:00:14.3: 0xB92988F3 | FSEQ_CNVIO_INIT_VERSION
[ 4510.152990] iwlwifi 0000:00:14.3: 0x0000A384 | FSEQ_OTP_VERSION
[ 4510.152998] iwlwifi 0000:00:14.3: 0x4279E00C | FSEQ_TOP_CONTENT_VERSION
[ 4510.153007] iwlwifi 0000:00:14.3: 0x86D3FEF9 | FSEQ_ALIVE_TOKEN
[ 4510.153015] iwlwifi 0000:00:14.3: 0x7C42E014 | FSEQ_CNVI_ID
[ 4510.153023] iwlwifi 0000:00:14.3: 0xEF76C8FE | FSEQ_CNVR_ID
[ 4510.153032] iwlwifi 0000:00:14.3: 0x01000100 | CNVI_AUX_MISC_CHIP
[ 4510.153042] iwlwifi 0000:00:14.3: 0x01300202 | CNVR_AUX_MISC_CHIP
[ 4510.153053] iwlwifi 0000:00:14.3: 0x0000485B | CNVR_SCU_SD_REGS_SD_REG_DIG_DCDC_VTRIM
[ 4510.153094] iwlwifi 0000:00:14.3: 0xA5A5A5A2 | CNVR_SCU_SD_REGS_SD_REG_ACTIVE_VDIG_MIRROR
[ 4510.153114] iwlwifi 0000:00:14.3: 0x9825C770 | FSEQ_PREV_CNVIO_INIT_VERSION
[ 4510.153122] iwlwifi 0000:00:14.3: 0x4DCC8A57 | FSEQ_WIFI_FSEQ_VERSION
[ 4510.153131] iwlwifi 0000:00:14.3: 0x585FB31F | FSEQ_BT_FSEQ_VERSION
[ 4510.153139] iwlwifi 0000:00:14.3: 0xE8F129EC | FSEQ_CLASS_TP_VERSION
[ 4510.153148] iwlwifi 0000:00:14.3: WRT: Collecting data: ini trigger 4 fired (delay=0ms).
[ 4510.153151] ieee80211 phy0: Hardware restart was requested
[11730.201239] workqueue: i915_hpd_poll_init_work [i915] hogged CPU for >10000us 4 times, consider switching to WQ_UNBOUND
[11760.384066] workqueue: output_poll_execute hogged CPU for >10000us 4 times, consider switching to WQ_UNBOUND
[11850.009497] workqueue: i915_hpd_poll_init_work [i915] hogged CPU for >10000us 8 times, consider switching to WQ_UNBOUND
[11909.887218] workqueue: output_poll_execute hogged CPU for >10000us 8 times, consider switching to WQ_UNBOUND
[12090.135060] workqueue: i915_hpd_poll_init_work [i915] hogged CPU for >10000us 16 times, consider switching to WQ_UNBOUND
[12150.013664] workqueue: output_poll_execute hogged CPU for >10000us 16 times, consider switching to WQ_UNBOUND
[12569.878621] workqueue: i915_hpd_poll_init_work [i915] hogged CPU for >10000us 32 times, consider switching to WQ_UNBOUND
[12659.451180] workqueue: output_poll_execute hogged CPU for >10000us 32 times, consider switching to WQ_UNBOUND
